èŸ¹é¦™	taste
é…¸ç”œå£å‘³	taste
é»‘å·§å…‹åŠ›å‘³	taste
æ¤’éº»å‘³	taste
è“é¦™	taste
ç¥ç€	taste
æ¡‚èŠ±	taste
æ¦´è²å£å‘³	taste
æŸšå­å‘³	taste
é¦™æ§Ÿå‘³	taste
è€é…±é¦™	taste
æŸ‘æ©˜å‘³	taste
èŸ¹è‚‰å‘³	taste
æ²™æ‹‰å£å‘³	taste
å’¸é¦™	taste
å†°ç”œ	taste
é±¼é¦™å‘³	taste
èŠ¹é¦™	taste
äº”é¦™	taste
é†‹é¦™	taste
èœœæ±å‘³	taste
æŸ é¦™	taste
ä¹³é…¸èŒå‘³	taste
ç‰ç±³å‘³	taste
é»‘æ¤’å£å‘³	taste
ç›é…¥	taste
ç…§çƒ§å‘³	taste
æ¨±èŠ±å‘³	taste
èŠéº»é…±å‘³	taste
ç‰¹éº»ç‰¹è¾£	taste
é…¸æºœ	taste
æŸšé¦™	taste
ç‰¹è¾£	taste
é¦™è‡å‘³	taste
å·å‘³	taste
è±†è±‰å‘³	taste
é…¸é…¸ç”œç”œ	taste
é²é±¼å‘³	taste
é…¸ç”œå¾®è¾£	taste
é…±é¦™å‘³	taste
ç‰¹éº»è¾£å‘³	taste
æ©™èœœå‘³	taste
å°é¾™è™¾å‘³	taste
æ¦›å­å‘³	taste
å­œç„¶æ»‹å‘³	taste
æ —é¦™	taste
é­”é¬¼ç‰¹è¾£	taste
æ¦›é¦™	taste
éª¨æ±¤å‘³	taste
æµ“é¦™	taste
ç‚«è¾£	taste
ç„¦ç³–	taste
è¾£ç³Šç³Š	taste
ä¸­è¾£å£å‘³	taste
é»‘èƒ¡æ¤’å‘³	taste
å¹²è¾£	taste
é¦™é…¸	taste
ç›ç„—å‘³	taste
æ°´æœå‘³	taste
è–„è·å‘³	taste
èŸ¹é»„å‘³	taste
æ¤’æ¤’	taste
éº»è¾£å‘³	taste
å’–å–±	taste
é»„ç“œå‘³	taste
è¾£æ¤’å‘³	taste
å·¨è¾£	taste
æ —å­	taste
ææ‹‰ç±³è‹å£å‘³	taste
æµ·ç›å‘³	taste
é¦™è¾£å‘³	taste
é…¸è¾£å‘³	taste
æ³¡èœå‘³	taste
å±±æ¥‚å‘³	taste
é†‹è¾£	taste
æµ·è‹”å‘³	taste
é²œå¥¶å‘³	taste
è€éº»	taste
æ ¸æ¡ƒå‘³	taste
èŠ™è“‰	taste
æ¿æ —å‘³	taste
å¥¶æ²¹å£å‘³	taste
â™›ä¸­è¾£	taste
é…¸çˆ½å‘³	taste
éº»è¾£	taste
è±†èŠ±å‘³	taste
æ²™æ‹‰å‘³	taste
é’èŠ±æ¤’å‘³	taste
èŒæ±¤å‘³	taste
èŒ„é¦™	taste
ç‰¹è¾£å‘³	taste
æµ·ç›	taste
æ¤°è“‰å‘³	taste
ç‰›ä¹³å‘³	taste
çƒ­è¾£è¾£	taste
é…¸è„†	taste
å’¸é²œ	taste
é»„æ¡ƒå£å‘³	taste
çº¢é…’å‘³	taste
é¦™æ©™å‘³	taste
æ¸æå‘³	taste
è‰è“å£å‘³	taste
æ˜å¤ªå­é£å‘³	taste
å·§å…‹åŠ›	taste
ç•ªèŒ„	taste
æµ·é²œ	taste
ç²¤å‘³	taste
ç”œå’¸	taste
é»„æ¡ƒå‘³	taste
æµ“æ±¤å‘³	taste
ç‰¹è‰²å£å‘³	taste
æ··åˆå£å‘³	taste
è’œæ³¥	taste
é»‘ç±³å‘³	taste
ä¸œé˜´åŠŸ	taste
ç™½å…°åœ°	taste
æ¤’ç›å‘³	taste
å‚£å‘³	taste
ç³–é…¥	taste
ç›Šç”ŸèŒ	taste
é¦™é…±	taste
é²œæ©™å‘³	taste
å˜å˜£è„†	taste
çˆ½è¾£	taste
é…¸é…¸ç”œç”œå‘³	taste
ç«¹é¦™	taste
å¾®éº»å¾®è¾£	taste
å°‘éº»è¾£	taste
é»‘æ¤’å‘³	taste
é»„æ²¹å‘³	taste
è›‹é»„å‘³	taste
å°é¾™è™¾	taste
é…’é¦™	taste
åŸ¹æ ¹å‘³	taste
è èå‘³	taste
ç»å‘³	taste
å…¨å‘³	taste
æœ±å¤åŠ›	taste
èŒå‘³	taste
é…±è¾£	taste
æ´‹è‘±å‘³	taste
å¥¶é…ªå‘³	taste
æ¤’éº»å£å‘³	taste
æ³¡æ¤’å‘³	taste
å­œç„¶å£å‘³	taste
éº»é…±	taste
è¶…çº§è¾£	taste
è—¤æ¤’å£å‘³	taste
æ²™å—²	taste
ä¹³é…¸å‘³	taste
èŒé¦™	taste
åŸæ±åŸå‘³	taste
èŠå£«å£å‘³	taste
æ¡”é¦™	taste
ç™½å·§å…‹åŠ›	taste
é»„è±†å‘³	taste
å¾®è¾£å‘³	taste
å·éº»	taste
æ¤’ç›	taste
è“è“å£å‘³	taste
é…¸å¾®è¾£	taste
é˜¿è¨å§†	taste
é’è¾£	taste
åä¸‰é¦™	taste
ç§˜å‘³	taste
å’–å–±å‘³	taste
å±±èƒ¡æ¤’å‘³	taste
æœé…±	taste
é’æŸ å£å‘³	taste
è€å¹²å¦ˆ	taste
å°éº»è¾£	taste
çèŒå‘³	taste
å¤å¨å¤·	taste
æµ“æ±	taste
é»‘ç³–å‘³	taste
éº»é…±å£å‘³	taste
æ²™æ‹‰é…±å‘³	taste
ç«ç‘°é¦™	taste
é¦™è¤	taste
è èœå‘³	taste
é…¸ç”œéº»è¾£	taste
ç«ç‘°	taste
é¦™èŠ‹å£å‘³	taste
æ¤’ç›å£å‘³	taste
è•ƒèŒ„å‘³	taste
è’œæ³¥å‘³	taste
ç‰¹é¦™	taste
è’œé¦™	taste
è²åŠ›	taste
è¶…éº»	taste
æ¡”å‘³	taste
è±†é¼“å‘³	taste
å¹²æ‹Œå‘³	taste
è“è“å‘³	taste
é‡éº»é‡è¾£	taste
å…¨è¾£	taste
å¾®éº»ä¸è¾£	taste
ç”œè¾£	taste
è“å‘³	taste
èŠéº»å‘³	taste
é¦™è‰å£å‘³	taste
æ¤’å‘³	taste
å§œé¦™	taste
ä¹³å‘³	taste
æœé¦™	taste
æ¤’é…¥	taste
æ¢…å­å‘³	taste
è‘¡è„å‘³	taste
æ ‘è“å‘³	taste
é‡å‘³	taste
çˆ†è¾£	taste
å·è¾£å‘³	taste
æ©™é¦™	taste
ç”œè¾£å‘³	taste
éº»è¾£çƒ«	taste
å­œé¦™	taste
é‡éº»	taste
é±¿é±¼å‘³	taste
é²œè™¾å‘³	taste
å¥¥åˆ©å¥¥	taste
çˆ½è„†	taste
BTè¾£	taste
æŸ æª¬	taste
è–„è„†	taste
ç¾ä¹ƒæ»‹	taste
ç³–é†‹	taste
é…¸æ©™å‘³	taste
æ±é¦™	taste
é’æŸ å‘³	taste
æ¤°è“‰	taste
å°‘è¾£	taste
æ³¡æ¤’	taste
é…±é¦™å£å‘³	taste
è‚‰æ¾å‘³	taste
èµ«æ‹‰å‘³	taste
è’œé¦™å‘³	taste
åŸå‘³	taste
æŠ¹èŒ¶	taste
é²œæœæ»‹å‘³	taste
æ¤°å¥¶å‘³	taste
é»”å‘³	taste
ç”˜æ¢…å‘³	taste
ç™¾é¦™æœå£å‘³	taste
é¦™è‰å‘³	taste
ä¸­è¾£å‘³	taste
æ¦›å‘³	taste
ç´ å‘³	taste
è”“è¶Šè“å‘³	taste
æŠ¹é¦™	taste
å·è¾£	taste
é²œé’æ¤’å‘³	taste
é²å‘³	taste
è¥¿ç“œå‘³	taste
ç‰¹éº»è¾£	taste
è’œè“‰å‘³	taste
éº»é¦™å‘³	taste
ç±³é¦™	taste
æ¾é¦™	taste
è”æå‘³	taste
æ›²å¥‡	taste
æ´¥å‘³	taste
è–¯é¦™	taste
é˜¿åç”°	taste
å­œç„¶	taste
è˜‘è‡å‘³	taste
å·é¦™éº»è¾£	taste
è—¤æ¤’	taste
é…¸ç”œå‘³	taste
ç³¯é¦™	taste
çŒ•çŒ´æ¡ƒå‘³	taste
æ£å‘³	taste
è‰è“	taste
è’œè“‰	taste
åŸæ±	taste
éŸ­èœå‘³	taste
çˆ†è¾£å‘³	taste
æœé²œ	taste
è˜¸é…±	taste
è”æå£å‘³	taste
ç¢³é…¸	taste
å’¸é…¥	taste
å¥¶èŒ¶å‘³	taste
é¦™è•‰å£å‘³	taste
ä»‹è¾£	taste
è‘±æ²¹å‘³	taste
å¥¶æ²¹å‘³	taste
æŸ æª¬å£å‘³	taste
èŒ´é¦™	taste
è¾£åº¦å£å‘³	taste
æ¡”å­å‘³	taste
é²œæœå‘³	taste
é’è‹¹æœå‘³	taste
è¾›è¾£	taste
æ¤°æœå‘³	taste
é…¸ç”œ	taste
è€å¹²å¦ˆå‘³	taste
é‡åº†å‘³	taste
æ¹˜è¾£	taste
æ¿€è¾£	taste
éº¦è¾£	taste
æ©™å­å‘³	taste
ç”œæ©™å‘³	taste
ç´«è–¯å‘³	taste
é…¸é¦™	taste
è…Šé¦™	taste
èŠå£«	taste
çŒ›è¾£	taste
è¯æ¢…å‘³	taste
è”¬èœå‘³	taste
å·§å…‹åŠ›å‘³	taste
è¶…è¾£	taste
é¦‹å˜´å‘³	taste
é¦™è¾£å£å‘³	taste
è—¿é¦™	taste
æ–°å’–å–±	taste
å·é¦™	taste
å¤é¦™	taste
ç‰¹è¾£å£å‘³	taste
ç±³è¾£	taste
é»‘æ¤’æœ‰ç‚¹è¾£	taste
é…¥è„†	taste
æ‘©å¡	taste
è¾£å£å‘³	taste
çº¢æ²¹å‘³	taste
ç«é¾™æœå‘³	taste
èŠ¦èŸå‘³	taste
é­”è¾£	taste
å·é¦™é¦™è¾£	taste
çŒªéª¨å‘³	taste
é±¼é¦™	taste
æé²è‡å‘³	taste
é¸¡æ±¤å‘³	taste
é¸¡æ±å‘³	taste
å†¬è«åŠŸ	taste
è‘¡è„å¹²å‘³	taste
ç§˜è¾£	taste
ç•ªèŒ„å£å‘³	taste
ç”˜æ¢…å£å‘³	taste
å•«å–±	taste
å¤è¾£	taste
é…¸èœå£å‘³	taste
é…¸å¥¶å£å‘³	taste
èœœç“œå‘³	taste
å’–å•¡å‘³	taste
é…¸æ¢…å‘³	taste
èŠ’é¦™	taste
èŠ¥é¦™	taste
è¾£è„†	taste
æ²¹é¦™	taste
è—•é¦™	taste
é¾™è™¾å‘³	taste
é’æ¢…å‘³	taste
æ²¹è¾£	taste
è’œè“‰å£å‘³	taste
é»‘èƒ¡æ¤’å£å‘³	taste
èŠ¥æœ«å£å‘³	taste
è¶…éº»è¾£	taste
æ¦´è²å‘³	taste
é‡è¾£	taste
è’œèŒ¸	taste
çƒ§çƒ¤å£å‘³	taste
ç«ç‘°èŠ±å‘³	taste
å°‘éº»å°‘è¾£	taste
å¥¥å°”è‰¯å‘³	taste
ç†è¾£	taste
è±‰é¦™	taste
é»„è¾£	taste
å¹²é¦™	taste
é…¸çˆ½	taste
æŸ æª¬å‘³	taste
æ¹¿è¾£	taste
é’ç“œå‘³	taste
è“è“	taste
å¥‡å¼‚æœå‘³	taste
ç‡ƒè¾£	taste
æ¤°å¥¶å£å‘³	taste
é»‘èƒ¡æ¤’	taste
è‚‰éº»	taste
è‘¡è„å£å‘³	taste
é—½å‘³	taste
æµ·å‘³	taste
ç¢³çƒ¤å‘³	taste
èœœæ¡ƒå‘³	taste
æ¡‚èŠ±å‘³	taste
ä¹³é…¸èŒ	taste
ä¸­éº»	taste
é…¸å¥¶å‘³	taste
è‘±é¦™	taste
å§œè¾£	taste
å¥¥å°”è‰¯	taste
ç™½è‘¡è„å‘³	taste
å¾®è¾£å£å‘³	taste
è±‰å‘³	taste
é…¸ç”œä¸è¾£	taste
è¥¿æŸšå‘³	taste
æ¨±æ¡ƒå‘³	taste
æ ¸æ¡ƒå£å‘³	taste
æ¤’éº»	taste
æ°´èœœæ¡ƒå‘³	taste
æ©˜å­å‘³	taste
èœœé¦™	taste
èŒ‰é¦™	taste
æ¡‚é¦™	taste
ç‰¹éº»	taste
ç•ªèŒ„å‘³	taste
è’œç“£	taste
æ¤’é¦™	taste
ç»´ç”Ÿç´ 	taste
é»‘æ¤’	taste
å’¸è¾£	taste
æè¾£	taste
å’–å“©	taste
é²œè¾£	taste
é…¸è¾£	taste
å·§å…‹åŠ›é£å‘³	taste
çº¢çƒ§å‘³	taste
é²œå’¸	taste
æ°´æœé£å‘³	taste
é…·è¾£	taste
è‘±é¦™å‘³	taste
é…±é¦™	taste
é‡è¾£å‘³	taste
é¦™æ±	taste
çº¢ç”œ	taste
ç³–é†‡	taste
å°é¦™è¾£	taste
é…±é¦™è¾£	taste
æ¡ƒæ±å‘³	taste
é»‘é¸­å£å‘³	taste
æ··åˆå‘³	taste
å°‘éº»å¤šè¾£	taste
è‚‰é¦™	taste
èœ‚èœœ	taste
æ¸…æ·¡å£å‘³	taste
å±±æ¤’å‘³	taste
æ²™å¸å‘³	taste
é…±è„†	taste
é»‘èŠéº»å‘³	taste
é¦™èŠ‹å‘³	taste
ä¹³é…¸	taste
é¦™éº»è¾£	taste
åè¾£	taste
è±†é¦™	taste
å±±æ ¸æ¡ƒå‘³	taste
çº¢è±†å‘³	taste
å’Œé£	taste
è¶…çº§å˜æ€è¾£	taste
å’¸é…¸	taste
é…¸èœå‘³	taste
éƒé‡‘é¦™	taste
ç³–é†‹å‘³	taste
çº¢å’–å–±	taste
ææ‹‰ç±³è‹å‘³	taste
æ¡‘è‘šå‘³	taste
é»‘åŠ ä»‘å‘³	taste
æ¡ƒå­å‘³	taste
èšæ²¹å‘³	taste
é…¸é…¸è¾£è¾£	taste
è‰è“å‘³	taste
éº»é¦™	taste
èŒ‰è‰	taste
æµ·é²œå‘³	taste
é»‘é¸­å‘³	taste
æ¡ƒå­å£å‘³	taste
çŒªè‚‰å‘³	taste
é†‡é¦™	taste
é’å’–å–±	taste
ç¢³çƒ§å‘³	taste
çº¢æ ‘è“å‘³	taste
ä¸é¦™	taste
åˆéº»åˆè¾£	taste
å‰æ¤’å‘³	taste
æ¤°é¦™	taste
èŠ¥æœ«	taste
é¸¡è›‹å‘³	taste
è¶…ç”œ	taste
ç‰›è‚‰å‘³	taste
èœœè¾£	taste
é’å’–å–±å‘³	taste
è±†è¾£	taste
è“æ¢…å‘³	taste
é»„å’–å–±	taste
æ²™çˆ¹	taste
è¶…è¾£å‘³	taste
é’æ¤’å‘³	taste
çƒ§å‘³	taste
æ¦›æœ	taste
å¥¶é¦™	taste
å°é…¸è¾£	taste
æ¾è„†	taste
æ²™æ‹‰	taste
èŠéº»	taste
æ³°è¾£	taste
é…¸éº»	taste
è¶…çº§ç«è¾£	taste
é¦™è•‰å‘³	taste
æ¦›æœå‘³	taste
è„†è¾£	taste
è…Šå‘³	taste
é…¸ç”œè¾£	taste
ç³Šè¾£	taste
çº¢ç³–å‘³	taste
è¶…éº»è¶…è¾£	taste
æŠ¹èŒ¶å£å‘³	taste
æ›²å¥‡å‘³	taste
ç…³è¾£	taste
å§œè¾£å‘³	taste
å“ˆèœœç“œå‘³	taste
æ— è¾£	taste
ä½ç³–	taste
ç‰¹åˆ«è¾£	taste
æ¤°æ±å‘³	taste
ç›é¦™	taste
è‹—è¾£	taste
èµ¤å‘³	taste
ä¹³é¦™	taste
é¦™è‘±å‘³	taste
ä¸­è¾£	taste
é¸¡è‚‰å‘³	taste
å¥¥åˆ©å¥¥å£å‘³	taste
é²œéº»	taste
æ— ç³–	taste
é»‘è±†å‘³	taste
æ¦›å­å£å‘³	taste
ç„¦ç³–å£å‘³	taste
èƒ¡è¾£	taste
é’æŸ 	taste
çº¢æ±¤å‘³	taste
å†¬é˜´åŠŸ	taste
é­”é¬¼è¾£	taste
èŒè‡å‘³	taste
éº»èŠ±	taste
å¹¿å‘³	taste
æœ¨ç“œå‘³	taste
é›ªæ¢¨å‘³	taste
æ¡‚åœ†å‘³	taste
é²å‘³	taste
ç”œè¾£å£å‘³	taste
æ£é¦™	taste
ç´ å’–å–±	taste
çƒ­è¾£	taste
æœå‘³	taste
æŠ¹èŒ¶å‘³	taste
ç”œè¾£é…±å‘³	taste
é…¸è¾£å£å‘³	taste
æŸšå­	taste
è¾£å’–å–±	taste
é¦™ç´ 	taste
æ©™å­å£å‘³	taste
èŠ¥è¾£	taste
ç™½å·§å…‹åŠ›å‘³	taste
é»‘å’–å–±	taste
é¦™é”…å‘³	taste
ç„¦ç³–å‘³	taste
æ³°å‘³	taste
æ–°å£å‘³	taste
å­œç„¶é£å‘³	taste
éŸ­é¦™	taste
è¥¿è¾£	taste
æœ±å¤åŠ›å‘³	taste
é…¥è¾£	taste
é¦™è’œå‘³	taste
èƒ¡èåœå‘³	taste
å¾®è¾£	taste
æ²¹é…¥	taste
å¤å‘³	taste
è èå•¤å‘³	taste
è—¤æ¤’å‘³	taste
é‡å£å‘³	taste
è±†æ²™å‘³	taste
æŸ³æ©™å‘³	taste
èœ‚èœœå‘³	taste
å®¶å¸¸å‘³	taste
éº»è¾£å£å‘³	taste
èŠ‹é¦™	taste
æ¤’è¾£	taste
å¤å‘³	taste
é‡éº»è¾£	taste
å¥¥åˆ©å¥¥å‘³	taste
ç«ç‘°å£å‘³	taste
èœœæ±å£å‘³	taste
é…¸æ±¤å‘³	taste
é…¥é¦™	taste
æ°´èœœæ¡ƒå£å‘³	taste
æˆšé£	taste
ç™¾é¦™	taste
é…¸éº»è¾£	taste
å¥¥å°”è‰¯å£å‘³	taste
å¥¶é¦™å‘³	taste
å’–å–±å£å‘³	taste
æ¤°å­å‘³	taste
è›‹é¦™	taste
å·§å…‹åŠ›å£å‘³	taste
ç«ç‘°å‘³	taste
è§£è¾£	taste
èŒ„è¾£	taste
æä»å‘³	taste
æ°´æœå£å‘³	taste
æ¹˜å‘³	taste
æ¤°å‘³	taste
çå‘³	taste
æ¤°é¦™å‘³	taste
äº”é¦™å£å‘³	taste
é¦™è‰	taste
èœœæ±	taste
å¤§éº»	taste
é²œæ¤’å‘³	taste
åŸé¦™	taste
æœé…±å‘³	taste
è¾£é…±å‘³	taste
æå­å‘³	taste
éº»é…±å‘³	taste
é¦™è¾£	taste
å¾®ç”œ	taste
é¦™é…¥	taste
å¾®éº»è¾£	taste
éº»æ²¹å‘³	taste
è¾£é…±	taste
é…¥éº»	taste
è’œè¾£	taste
æ³¡è¾£	taste
å’–å•¡å£å‘³	taste
å­œç„¶å‘³	taste
éŸ©å¼å£å‘³	taste
é¦™èœœ	taste
è’œé¦™å£å‘³	taste
å¸ƒä¸å‘³	taste
é¦™éº»	taste
æ©™æ±å‘³	taste
æ —å­å‘³	taste
é¦™ç”œå‘³	taste
å¾®éº»	taste
æµ·é²ˆé±¼	ingredient
å¥¶æ˜”	ingredient
é˜´ç±³	ingredient
çº³è±†	ingredient
å¤§è‘±	ingredient
å…¬é¸¡	ingredient
é”é˜³	ingredient
å±±æ¥‚é…±	ingredient
å·´æ—¦æœ¨	ingredient
é…±ç‰›è‚‰	ingredient
é’æ¤’	ingredient
é‡‘é’ˆè‡	ingredient
é¸­è„–	ingredient
é±¼å¤´	ingredient
è™¾ç±½	ingredient
å¹²å±±æ¥‚	ingredient
è‘›æ ¹ç²‰	ingredient
é¦™å¶	ingredient
æ»‘å­è‡	ingredient
èƒ¡æ¤’é¢	ingredient
é…¸è±‡è±†	ingredient
åœ°ä¸‰é²œ	ingredient
å¤§é—¸èŸ¹	ingredient
åŒ—è±†è…	ingredient
æ²™çªç›	ingredient
æ¯›èš¶	ingredient
å—ç“œæ³¥	ingredient
å…¨è„‚ç‰›å¥¶	ingredient
é»‘èƒ¡æ¤’ç¢	ingredient
ç«¹èšé±¼	ingredient
ç‰ç«¹	ingredient
æœç³–	ingredient
ç“ å­	ingredient
ç™½èœå¶	ingredient
é¸¡è›‹æ¸…	ingredient
è¾£æ¤’ç²‰	ingredient
è›¤èœŠ	ingredient
éº¦èŠ½	ingredient
ç±³é±¼	ingredient
é¸¡è›‹å¹²	ingredient
é¾™è’¿	ingredient
åœŸè±†	ingredient
èŸ¹å‘³è‡	ingredient
è†èŠ¥	ingredient
çº¢å¯Œå£«è‹¹æœ	ingredient
é¹…	ingredient
æ–¹ç“œ	ingredient
èŒ„å­ï¼ˆåœ†ï¼‰	ingredient
é¸­æ¶	ingredient
äºšéº»ç±½	ingredient
åœŸèŒ¯è‹“	ingredient
èŒå¶ç±»	ingredient
å¤šå®é±¼	ingredient
é»‘åŠ ä»‘	ingredient
é¢ã€ç²‰	ingredient
ç™¾åˆ	ingredient
çŒªçš®	ingredient
ç‰›è‚	ingredient
é‡‘æªé±¼	ingredient
æ˜è™¾	ingredient
èƒ¡æ¤’ç²‰	ingredient
èƒ¡éº»æ²¹	ingredient
å·¨å³°è‘¡è„	ingredient
é¸­èƒ¸	ingredient
ç”œé…’æ›²	ingredient
èŠ‚ç“œ	ingredient
ç¾Šè‚š	ingredient
æµ·å¸¦	ingredient
é†‹	ingredient
äº”é¦™ç²‰	ingredient
é»„æ¡ƒ	ingredient
é±¿é±¼åœˆ	ingredient
å­¢å­ç”˜è“	ingredient
çŒªé¾™éª¨	ingredient
ç‰›è‚º	ingredient
çƒ¤éº¸	ingredient
è—¤æ¤’	ingredient
å¤§éº¦	ingredient
æŸ æª¬ç‰‡	ingredient
é»‘æ£	ingredient
é¢æ¡èœ	ingredient
å¹²æœ¨è€³	ingredient
ç™½çµè‡	ingredient
å¤§è’œ	ingredient
éª¨è‚‰ç›¸è¿	ingredient
é³Šé±¼	ingredient
è€æ¿é±¼	ingredient
é¾™è™¾	ingredient
ç´«è‰	ingredient
é¦™é™„	ingredient
æœé…±	ingredient
é¦™ç±³	ingredient
èŠå£«ç²‰	ingredient
è¥¿è‘«èŠ¦	ingredient
ç‰ç±³	ingredient
æ¾èŒ¸	ingredient
è‰²æ‹‰æ²¹	ingredient
é«˜ç²±ç±³	ingredient
ç†Ÿç‰›è‚‰	ingredient
ç‰›è‚‰ä¸¸	ingredient
è‚‰çš®	ingredient
ä½•é¦–ä¹Œ	ingredient
è¥¿ç±³	ingredient
çº¢è–¯æ·€ç²‰	ingredient
çº¢èº	ingredient
é¸¡çš®	ingredient
é™ˆçš®	ingredient
çŸ¥äº†	ingredient
ç²‰ä¸	ingredient
æµ·å¸¦ä¸	ingredient
ç†å¹²	ingredient
ç²¾ç›	ingredient
é‡è’œ	ingredient
è’œè‹”	ingredient
å¤–å©†èœ	ingredient
ç‰›é‡Œè„Š	ingredient
ç‹—è‚‰	ingredient
å†¬æ£	ingredient
é¸¡å¿ƒ	ingredient
æ²³èŸ¹	ingredient
é±¼ç±½	ingredient
æ§Ÿæ¦”	ingredient
é¦™è‡é…±	ingredient
å°éº¦é¢ç²‰	ingredient
æµ·è‘¡è„	ingredient
è‹å­å¶	ingredient
æ°´è±†è…	ingredient
é‡‘é“¶èŠ±	ingredient
é’è›™	ingredient
ä»™äººæŒæœ	ingredient
å±±è‘µ	ingredient
è°·èŠ½	ingredient
å°éº¦æ·€ç²‰	ingredient
æ˜¥å·çš®	ingredient
è’œ	ingredient
é¸­è‚¾	ingredient
å¤å¨å¤·æœ	ingredient
è—¿é¦™å¶ï¼ˆé²œï¼‰	ingredient
é»„è±†é…±	ingredient
å•¤é…’	ingredient
é»„ç±³é¢	ingredient
é­”èŠ‹ä¸	ingredient
å§œç‰‡	ingredient
æœé†‹	ingredient
ä¸‰ä¸	ingredient
çŒªæ’	ingredient
é¦™è‚ 	ingredient
é»„èŠ±é±¼	ingredient
é±¼å­é…±	ingredient
çµç¶è…¿	ingredient
ç¯ç¬¼æ¤’	ingredient
èåœå¶	ingredient
ç‰›è…¿è‚‰	ingredient
é²¨é±¼	ingredient
æ·¡èœ	ingredient
æµ·è‚ 	ingredient
è±†è…	ingredient
å…°é¦™å­	ingredient
æ·€ç²‰	ingredient
ç™½æ¡é±¼	ingredient
é²œè™¾ä»	ingredient
çŒªæ²¹æ¸£	ingredient
èŠ±æ¤’ç²‰	ingredient
è‘±ä¸	ingredient
æœ¨è€³	ingredient
ç«é¸¡	ingredient
åŒ—æè´	ingredient
å¥¶æ²¹	ingredient
æ¡”çš®	ingredient
å·´æˆŸå¤©	ingredient
æœ¨å§œå­	ingredient
è—•	ingredient
è™¾ä»	ingredient
ç»¿è±†	ingredient
èš•è±†	ingredient
é²œæœ	ingredient
æ²™å§œ	ingredient
çŒªéª¨å¤´	ingredient
é˜¿èƒ¶	ingredient
å¹²è±†è…	ingredient
è¸è 	ingredient
é±¼æ’	ingredient
æŸ´é±¼ç‰‡	ingredient
å¹²è™¾ä»	ingredient
èŠèŠ±è„‘	ingredient
é“æ£å±±è¯	ingredient
èƒ¡èåœä¸	ingredient
å—ç“œ	ingredient
æé²è‡	ingredient
é¸­è‚‰	ingredient
å¢¨é±¼	ingredient
å†»è±†è…	ingredient
æœå†»ç²‰	ingredient
é±¼ä¸‹å·´	ingredient
ç«è…¿ç‰‡	ingredient
é›·ç¬‹	ingredient
ä¸ç“œå°–	ingredient
è—œè’¿	ingredient
é¸­è…¿	ingredient
æ¨æ¡ƒ	ingredient
é±¼æ³¡	ingredient
é¸¡å¤´ç±³	ingredient
æœ¨é±¼èŠ±	ingredient
ç²—ç›	ingredient
è‘±èŠ±	ingredient
ç§‹è‘µ	ingredient
é¸¡è…¿	ingredient
è±†è…ä¸	ingredient
èƒ–å¤´é±¼	ingredient
æµ·ç“œå­	ingredient
çŒªå°¾	ingredient
ç‰›è‚‰æœ«	ingredient
é±¼ä¸¸	ingredient
é¼ å°¾è‰	ingredient
ç³ç²‘	ingredient
æä»	ingredient
è´å£³é¢	ingredient
è„Šéª¨	ingredient
æ·®å±±	ingredient
å°–æ¤’	ingredient
å¹²èŒ¶æ ‘è‡	ingredient
ç¬‹å¹²	ingredient
é¸¡è›‹æ¶²	ingredient
é²é±¼æ±	ingredient
ç©ºå¿ƒèœ	ingredient
çŒªç­’éª¨	ingredient
ç‰›è¡€	ingredient
é²«é±¼	ingredient
æ²™å°–é±¼	ingredient
è™¾çš®	ingredient
å¨çµä»™	ingredient
ç™½èƒ¡æ¤’	ingredient
æ–™é…’	ingredient
æ„å¤§åˆ©é¢	ingredient
è‚¥ç‰›ç‰‡	ingredient
çŒªè‚‰ç³œ	ingredient
çŒªè…¿	ingredient
æ…ˆå§‘	ingredient
å‘é…µç²‰	ingredient
æ§æ°´	ingredient
çŒªå¤§æ’	ingredient
ç¾Šå¿ƒ	ingredient
é³•é±¼	ingredient
é±¼è…¥è‰	ingredient
ç»¿èŒ¶ç²‰	ingredient
è‰é±¼å°¾	ingredient
æ¦´è²è‚‰	ingredient
é¸¡æèŒ	ingredient
å…”è‚‰	ingredient
å¤šæ˜¥é±¼	ingredient
å­œç„¶	ingredient
å—æä»	ingredient
æä»ç‰‡	ingredient
å°è¥¿ç“œ	ingredient
æ£’éª¨	ingredient
å¯¿å¸é†‹	ingredient
ç«¹èª	ingredient
ç†é±¼	ingredient
å¹²è´	ingredient
äºŒè†æ¡	ingredient
é»„å¿ƒèœ	ingredient
èŠ±æ¤’ç²’	ingredient
è’œç‰‡	ingredient
èŒ„å­ï¼ˆç»¿çš®ï¼‰	ingredient
èŒè‡	ingredient
æ¯›è‚š	ingredient
ç¾Šéª¨	ingredient
çº¢å’–å–±é…±	ingredient
é±¼éœ²	ingredient
é¸­è¡€ç³¯	ingredient
æ°´ç£¨ç³¯ç±³ç²‰	ingredient
è±¡æ‹”èšŒ	ingredient
æ–¹è…¿	ingredient
é¢åŒ…ç‰‡	ingredient
å’¸èœ	ingredient
é¸¡å—	ingredient
äº¬é…±	ingredient
é“è§‚éŸ³	ingredient
è´ç±»	ingredient
é»„èš¬å­	ingredient
å±±è‹	ingredient
ç“¢å„¿ç™½	ingredient
åˆºå„¿èœ	ingredient
ç™½èåœ	ingredient
ä¸ç“œ	ingredient
çŒªå¤§éª¨å¤´	ingredient
ç‰›è¹„ç­‹	ingredient
é¸¡è‚	ingredient
çº¢è‚ 	ingredient
å°é¾™è™¾	ingredient
é›ªè²æœ	ingredient
èŒ´é¦™ç±½	ingredient
çº¢ç³–	ingredient
å¹²å¢¨é±¼	ingredient
æ—¶ä»¤æ°´æœ	ingredient
é’ç«¹	ingredient
æµ·è‹”	ingredient
é»„ç‰›è‚‰	ingredient
èŒ¯è‹“	ingredient
é€šè‰	ingredient
ä¸‰ç‚¹èŸ¹	ingredient
å·§å…‹åŠ›	ingredient
ç±³è‹”ç›®	ingredient
ç™½èœ	ingredient
èåœè‹—	ingredient
åœ°è¡£ï¼ˆæ°´æµ¸ï¼‰	ingredient
ä»€é”¦	ingredient
é‡èœ	ingredient
ç‰›è›™	ingredient
æ¹Ÿé±¼	ingredient
èƒèŸ¹	ingredient
æœä»	ingredient
æœˆå­£èŠ±èŒ¶	ingredient
ç±³ç±»	ingredient
æ¤°å­ç²‰	ingredient
å…”å¤´	ingredient
é­ç¬‹	ingredient
å¥¶æ²¹ç”Ÿèœ	ingredient
é¦™èœ	ingredient
åˆºè€èŠ½	ingredient
è¥¿çº¢æŸ¿	ingredient
é¸­å¿ƒ	ingredient
æ¯”ç›®é±¼	ingredient
èŠ±ç”Ÿ	ingredient
é“¶é³•é±¼	ingredient
è‚‰é¦…	ingredient
é¸¡è…¿è‡	ingredient
åŸ¹æ ¹	ingredient
æ±Ÿå›¢	ingredient
é±¿é±¼	ingredient
è¥¿æ´‹å‚	ingredient
ä¸é¦™é±¼	ingredient
é±¿é±¼æ¿	ingredient
æ¡‚èŠ±èœœ	ingredient
ç´«èŒ„å­	ingredient
å°è‘±	ingredient
ç‰›è›‹	ingredient
è”æ	ingredient
åŒ…å…¬é±¼	ingredient
é±¼	ingredient
å·è´	ingredient
é»‘è±†èŠ½	ingredient
åƒå±‚è›‹ç³•	ingredient
æŸ‘æ¡”	ingredient
å·§å…‹åŠ›è±†	ingredient
å¹¿å¼è…Šè‚ 	ingredient
é¦™èŠ‹	ingredient
çŒªè½¯éª¨	ingredient
é¸¡çˆª	ingredient
ç´ é¸¡	ingredient
èŠéº»é…±	ingredient
æ¤°ä¸	ingredient
æ¢…èŠ±è‚‰	ingredient
æ–‡æ˜Œé¸¡	ingredient
ç™¾å¶ç»“	ingredient
äº”èŠ±è‚‰	ingredient
åœŸä¸‰ä¸ƒ	ingredient
èŠ¥æœ«	ingredient
æ¤ç‰©æ²¹	ingredient
ç´«ç±³	ingredient
é¦™èº	ingredient
å°åº¦é£é¥¼	ingredient
å°å°–æ¤’	ingredient
è°ƒå‘³å“	ingredient
ç´«èƒŒå¤©è‘µ	ingredient
é‡‘é’±è‚š	ingredient
é¸¡è¡€	ingredient
é¸¡å¤´	ingredient
æ¯›è›¤èœŠ	ingredient
ç”°èº	ingredient
ç™½èŠ·	ingredient
ç”°ä¸ƒ	ingredient
çº¢çƒ§é…±æ²¹	ingredient
ç‡•éº¦	ingredient
ç²‰çš®	ingredient
æµ·é±¼	ingredient
æ¤°å­è‚‰	ingredient
çŒªè‚‰é¦…	ingredient
è‚‰æœ«	ingredient
èŠ­è•‰èŠ±	ingredient
å°ç±³è¾£	ingredient
ç‰›ç­‹	ingredient
ç¾Šè‚	ingredient
é²…é±¼	ingredient
å½“å½’	ingredient
èŠ±æ——å‚	ingredient
è€å†°ç³–	ingredient
é’ç¨	ingredient
é¦’å¤´	ingredient
ç¾Šè‚‰ç‰‡	ingredient
é¸¡è‚‰	ingredient
å¤ªé˜³é±¼	ingredient
å¤§é»„é±¼	ingredient
æ‚é±¼	ingredient
å·è´æ¯	ingredient
é¸­è·–è‰	ingredient
é²»é±¼	ingredient
è¢–çè‡	ingredient
æ²™æ£˜æ±	ingredient
é©¬é½¿è‹‹	ingredient
ä¹³ç‰›è‚èŒ	ingredient
åˆé¤è‚‰	ingredient
éª¨æ±¤	ingredient
è²å­	ingredient
æ°´é¸­	ingredient
è…°æœ	ingredient
è±†ç“£è¾£é…±	ingredient
æ¿é±¼	ingredient
ç™½èœå¿ƒ	ingredient
æµ·é²œè‡	ingredient
å§¬æ¾èŒ¸	ingredient
è’œè“‰è¾£é…±	ingredient
å¹´ç³•	ingredient
è™¾å­é¢	ingredient
çº¢è–¯ç²‰æ¡	ingredient
è–¯æ¡	ingredient
é±¼é¥¼	ingredient
ç‰›è†	ingredient
èŸ¹æŸ³	ingredient
å…»å¿ƒèœ	ingredient
ç†Ÿé¸¡è›‹	ingredient
è¥¿èŠ¹	ingredient
èŒµé™ˆè’¿	ingredient
è¾£é…±	ingredient
è™¹é³Ÿé±¼	ingredient
è‹¦è‹£èœ	ingredient
è’œæ³¥	ingredient
è‘±	ingredient
é›ªè›¤	ingredient
è™¾	ingredient
è´»è´	ingredient
ç†ŸèŠ±ç”Ÿ	ingredient
é¦–ä¹Œ	ingredient
ç‰ç±³ç²’	ingredient
èœ‚èœœ	ingredient
ä½›æ‰‹æŸ‘	ingredient
è‘›æ ¹	ingredient
å·§å…‹åŠ›é…±	ingredient
çº¢ç±³	ingredient
å¥¶ç²‰	ingredient
èŒ´é¦™	ingredient
å¤§åœŸè±†	ingredient
ç¾Šè‚šèŒ	ingredient
ç‡•çª	ingredient
æ¿å…°å¶	ingredient
åœŸè±†ç²‰	ingredient
æ²¹éº¦èœ	ingredient
ç¾Šæ’	ingredient
é¹…è‚	ingredient
ç½—éé±¼	ingredient
è“è“	ingredient
ç±³çº¿	ingredient
æ™®é€šé¢ç²‰	ingredient
ç§‹é»„ç“œ	ingredient
åŠ¨ç‰©å¥¶æ²¹	ingredient
å·å¿ƒèœ	ingredient
æµ·è™¾	ingredient
æ¨±æ¡ƒ	ingredient
ç²˜ç±³ç²‰	ingredient
åœ°çš®èœ	ingredient
å°ç±³æ¤’	ingredient
å¿«èœ	ingredient
å…¨ç¾Š	ingredient
é²œè™¾	ingredient
æ³¡å§œ	ingredient
éŸ­èœ	ingredient
ä½›æ‰‹ç“œ	ingredient
é…¸æ±¤	ingredient
ç‰›å¤´çš®	ingredient
ä»”å§œ	ingredient
é»„è±†é¢	ingredient
æä»ç²‰	ingredient
ç™½èƒ¡æ¤’ç²‰	ingredient
æ§èŠ±	ingredient
å„¿èœ	ingredient
å†¬ç“œ	ingredient
è‚‰æ¾	ingredient
é…’	ingredient
é¢é¥¼	ingredient
ç±³é†‹	ingredient
æ…ˆè‡	ingredient
ç‰›è…±	ingredient
é³ç›®é±¼	ingredient
æµ·ç±³	ingredient
è›‹ç™½ç²‰	ingredient
è¿·è¿­é¦™	ingredient
æ©„æ¦„æ²¹	ingredient
ç»†ç ‚ç³–	ingredient
æ¾„é¢	ingredient
ç¾Šåè…¿è‚‰	ingredient
é¸¡è‚¾	ingredient
çº¢å½©æ¤’	ingredient
é¾™åˆ©é±¼	ingredient
è™±ç›®é±¼	ingredient
è™¾é¥º	ingredient
æ¸æ	ingredient
é¢åŒ…ç²‰	ingredient
é¹…æŒ	ingredient
å’¸é¸­è›‹	ingredient
ç•ªçŸ³æ¦´	ingredient
èŠ±æ¤’	ingredient
èŠ¥æœ«é…±	ingredient
å…¬ä»”é¢	ingredient
çŒªå‰å¤¹è‚‰	ingredient
ç»¿è±†æ²™	ingredient
è‘±æœ«	ingredient
æ˜¥ç¬‹	ingredient
éœ¸ç‹èŠ±	ingredient
ä¹Œé¸¡	ingredient
æ¢­é±¼	ingredient
ç«é¾™æœ	ingredient
æ„é¢é…±	ingredient
ç™½è‘¡è„é…’	ingredient
åˆå­é±¼	ingredient
æ‰’çš®é±¼	ingredient
è‰è™¾	ingredient
èŠå£«ç‰‡	ingredient
èƒèŠ	ingredient
è’²å…¬è‹±	ingredient
ç«¹ç¬‹	ingredient
è™«è‰èŠ±	ingredient
è€æ¯é¸¡	ingredient
è±†è…æ¸£	ingredient
æ¦´è²	ingredient
è”“è¶Šè“å¹²	ingredient
è™¾æ»‘	ingredient
è‘±æ²¹	ingredient
æµ·è—»	ingredient
çº¢é²Ÿ	ingredient
çŒªé¢ˆè‚‰	ingredient
é²œå§œ	ingredient
å…»ç”ŸèŒè‡	ingredient
ç‰›ç™¾å¶	ingredient
ç¾Šè¹„	ingredient
é¸­ç¿…	ingredient
é’é±¼	ingredient
é»„çš®æœ	ingredient
é“¶ææœ	ingredient
çº¢æ™¯å¤©	ingredient
å¥¶æ²¹å¥¶é…ª	ingredient
é•¿èŒ„å­	ingredient
é¢åŒ…ç³ 	ingredient
èŠ¹èœ	ingredient
ç«ç‘°	ingredient
èŒ¶æ ‘è‡	ingredient
ç‰›å¿ƒ	ingredient
è™¾ç±»	ingredient
é©¬è‹é‡Œæ‹‰å¥¶é…ª	ingredient
é¸¡æ±¤	ingredient
æ§Ÿæ¦”èŠ‹	ingredient
èœæ¤’	ingredient
æ²¹èœ	ingredient
è±†è…å¹²	ingredient
ç´«è‹å­	ingredient
çŸ³è–è’²	ingredient
äºšéº»ç±½æ²¹	ingredient
ææ±	ingredient
å…¨éº¦ç²‰	ingredient
è–„è·å¶	ingredient
ç‰›è’¡	ingredient
ç‰›è‚š	ingredient
é¸¡è½¯éª¨	ingredient
çº¢æ›²ç±³	ingredient
å¤è›‹	ingredient
çŒªæ‰‡éª¨	ingredient
å§œæœ«	ingredient
è‘«èŠ¦	ingredient
é¸¡èƒ—	ingredient
æ¤°å­	ingredient
èœœæ£	ingredient
ç™½çŸ¾	ingredient
æ¬§çŸ³æ¥ 	ingredient
è…Šè‚ 	ingredient
é‡éŸ­èœ	ingredient
å§œç²‰	ingredient
æ©˜å­	ingredient
é˜¿èƒ¶æ£	ingredient
é»‘ç±³é¢	ingredient
è—•ç‰‡	ingredient
å’–å•¡ç²‰	ingredient
çèŒ	ingredient
çº¢è±†	ingredient
æ¡‚åœ†	ingredient
é±¼å°¾	ingredient
é¦™è‰ç²¾	ingredient
è½¬åŒ–ç³–æµ†	ingredient
æ‹†éª¨è‚‰	ingredient
èŸ¹ç²‰	ingredient
é²œé¢æ¡	ingredient
æ´›ç¥èŠ±	ingredient
çŒªè…°	ingredient
è…Šé±¼	ingredient
è¯æ¢…	ingredient
å‘³ç²¾	ingredient
é¢ç­‹	ingredient
è è	ingredient
å—ç“œå­	ingredient
ç¾Šæ²¹	ingredient
é…¸å¥¶	ingredient
ç¾Šå¤´è‚‰	ingredient
å¹²è±Œè±†	ingredient
åœŸè±†æ¡	ingredient
çŒªè‚	ingredient
é²é±¼	ingredient
å“ˆå¯†ç“œ	ingredient
æä»ï¼ˆç‚’ï¼‰	ingredient
å§¬è‡	ingredient
çº¢è…°è±†	ingredient
æ¡‚é±¼	ingredient
è›å­	ingredient
æ²³èšŒ	ingredient
çŒªæ²¹	ingredient
é»‘ç±³	ingredient
çŒªç˜¦è‚‰	ingredient
èœèŠ±	ingredient
é’è’œ	ingredient
æ— èŠ±æœ	ingredient
é¦™ç“œ	ingredient
æŸ¿é¥¼	ingredient
é©¬è¹„ç²‰	ingredient
é‡‘é’±è‡	ingredient
é»„ç“œ	ingredient
ç‰›æ¿ç­‹	ingredient
å‘èœ	ingredient
è‡­è±†è…	ingredient
èåœå¹²	ingredient
æŸ æª¬æ±	ingredient
ç‰ç±³ç¬‹	ingredient
ç‰›è†ç›–éª¨	ingredient
å¸ç‹èŸ¹	ingredient
æ¾å­	ingredient
è™æ–ï¼ˆé²œï¼‰	ingredient
å°è‹æ‰“	ingredient
æ²³ç²‰	ingredient
çŒªé‡Œè„Š	ingredient
é’çº¢è¾£æ¤’	ingredient
å¨ƒå¨ƒèœ	ingredient
é…¸è±†è§’	ingredient
é¸¡è„–	ingredient
å¸¦å­	ingredient
ç¬”ç®¡é±¼	ingredient
ç½—æ±‰æœ	ingredient
è¾£æ¤’é…±	ingredient
è“è“é…±	ingredient
ç ‚ç³–	ingredient
è–ç±³	ingredient
åº·ä¹ƒé¦¨	ingredient
çº¢å¿ƒèåœ	ingredient
é¸­çˆª	ingredient
é¸¡è›‹	ingredient
æ¦›å­	ingredient
å‘³å¢	ingredient
è±é˜³æ¢¨	ingredient
é‡‘ä¸ç“œ	ingredient
ç™½è±†æ²™	ingredient
è¼èœ	ingredient
æµ·èƒ†	ingredient
æ ‘è“	ingredient
ç™½æœï¼ˆå¹²ï¼‰	ingredient
é’æŸ æª¬	ingredient
ä»™è‰	ingredient
é¦™æ©™	ingredient
æµ·åº•æ¤°	ingredient
éŸ©å¼è¾£é…±	ingredient
ç‰ç±³æ·€ç²‰	ingredient
å‡¤å°¾é±¼	ingredient
æ¢…å­	ingredient
å¤§é¸¡è…¿	ingredient
ç¾Šè‚‰	ingredient
æ©¡çš®é±¼	ingredient
è‘±ç™½	ingredient
æ¦›è˜‘	ingredient
é“¶é±¼	ingredient
æ¡‚åœ†è‚‰	ingredient
å…«è§’	ingredient
é¢æ¡	ingredient
æ¨±èŠ±è™¾	ingredient
é‡å…”	ingredient
é¸¡å‰	ingredient
ç†è‚‰	ingredient
è±†è±‰	ingredient
èŠ¡å®	ingredient
é•¿è„šèŸ¹	ingredient
è›‹æŒçš®	ingredient
é¸¡éª¨æ¶	ingredient
å°èŒ´é¦™	ingredient
ç‰å…°ç‰‡	ingredient
èåœçš®	ingredient
å­œç„¶ç²‰	ingredient
æ¾éœ²	ingredient
ç‰›ä¸‰å®	ingredient
ç«è…¿	ingredient
é²¶é±¼	ingredient
å’¸é±¼	ingredient
é‡‘ä¸å°æ£	ingredient
æ–¹ä¾¿é¢	ingredient
å¹²è±†è§’	ingredient
ç´ ä¸‰é²œ	ingredient
ç¦½å…«ç	ingredient
è‰å…«ç	ingredient
ç‰›å¤§è‚ 	ingredient
é¸¡è‚š	ingredient
é¸½è‚‰	ingredient
æµ·é²«é±¼	ingredient
ä¹Œæ¢…	ingredient
é‡ç±³	ingredient
ç™½è™¾	ingredient
åŸå‘³é…¸å¥¶	ingredient
è¾£ç™½èœ	ingredient
å°ç™½èœ	ingredient
æ¢…èœ	ingredient
é…¸ç™½èœ	ingredient
é‡èŒ	ingredient
é²œè´	ingredient
æ©™å­	ingredient
ç‰ç±³æ²¹	ingredient
èšæ²¹	ingredient
ç”œé¢é…±	ingredient
è•¨éº»	ingredient
ç™½å·§å…‹åŠ›	ingredient
å†°æ¿€å‡Œ	ingredient
åœŸè±†ä¸	ingredient
æ²³è™¾	ingredient
å†…è„‚è±†è…	ingredient
è¾½å‚	ingredient
é±¿é±¼é¡»	ingredient
æ¢…å¹²èœ	ingredient
è›‹é»„	ingredient
è‘¡è„å¹²	ingredient
è‚‰æ¡‚	ingredient
æ²™èŒ¶é…±	ingredient
å¥¥åˆ©å¥¥é¥¼å¹²	ingredient
æ¡‘å¶	ingredient
çº¯ç‰›å¥¶	ingredient
çŒªè¹„	ingredient
çº¢è±†æ²™	ingredient
ç›Šæ¯è‰	ingredient
èœç±½æ²¹	ingredient
ç³–	ingredient
æ©™	ingredient
å…šå‚	ingredient
èŒ„ç“œ	ingredient
è’œæœ«	ingredient
èŠ¦ç¬‹	ingredient
æ¾èŠ±è›‹	ingredient
é‡‘æ¡”	ingredient
èéº¦é¢ç²‰	ingredient
è†èŸ¹	ingredient
çŒªè‚‰ä¸	ingredient
è’²ç“œ	ingredient
çº¢è˜‘	ingredient
äººå‚æœ	ingredient
è‰¾å¶	ingredient
è–°è¡£è‰	ingredient
é¹°å˜´è±†	ingredient
é…¥æ²¹	ingredient
é²œèŠ±	ingredient
ç‰›æŸ³	ingredient
ç‰›éª¨é«“	ingredient
é¸¡èƒ¸	ingredient
é¢åŒ…èŸ¹	ingredient
ç»†é¢æ¡	ingredient
èŠ¦èŸ	ingredient
éŸ­é»„	ingredient
è‰è›¹	ingredient
ç¢§æ ¹æœ	ingredient
çµèŠ	ingredient
ç²³ç±³	ingredient
é¾™å£ç²‰ä¸	ingredient
çº¢è–¯	ingredient
æ—¶è”¬	ingredient
çŒªå¿ƒ	ingredient
é»‘è±†	ingredient
æ¡‘è‘š	ingredient
çŒªè¹„ç­‹	ingredient
ç”œç‰ç±³	ingredient
å’¸é»„ç“œ	ingredient
åŒå­¢è‡	ingredient
è±Œè±†å°–	ingredient
é³Ÿé±¼	ingredient
é¦™æ¢¨	ingredient
æŸšå­çš®	ingredient
çŒªè‚‰æœ«	ingredient
é»‘è’œ	ingredient
æ´‹å§œ	ingredient
é»‘éº»æ²¹	ingredient
è–„è·	ingredient
ç‰›è‚šé¢†	ingredient
ç‰›è‚‰é¦…	ingredient
æ²³é²ˆé±¼	ingredient
é’èŸ¹	ingredient
æµ·èŸ¹	ingredient
ç ‚ä»	ingredient
é¸¡å±è—¤	ingredient
é¦™è¾£é…±	ingredient
é»‘ç³–	ingredient
æŒ‡å¤©æ¤’	ingredient
å†¬èœ	ingredient
é…¸ç¬‹	ingredient
è‰è‡	ingredient
è”¬èœ	ingredient
è‚¥è‚‰	ingredient
æ‡æ·å¶	ingredient
ä¹Œå†¬é¢	ingredient
ä¸­ç§‹é€ç¤¼	ingredient
ç¿…æ ¹	ingredient
å°é’æ¤’	ingredient
åœŸé¸¡è›‹	ingredient
å£è˜‘	ingredient
é¦™é±¼	ingredient
å¤§ç±³	ingredient
å…¶ä»–æ°´äº§ç±»	ingredient
çå®èŸ¹	ingredient
é»„å–‰	ingredient
è´è‹£å¶	ingredient
åƒé¡µè±†è…	ingredient
æ­¦æ˜Œé±¼	ingredient
æ¡”æ¢—	ingredient
æœ¨è–¯	ingredient
ç”Ÿèœ	ingredient
ç‰›ä»”éª¨	ingredient
æŸ´é¸¡	ingredient
è›‡	ingredient
ç™½é…’	ingredient
çŸ³èº	ingredient
çŒªå‰è…¿è‚‰	ingredient
å†°è‰	ingredient
è§‚éŸ³èœ	ingredient
ç±³è±†è…	ingredient
å‰åˆ©ä¸	ingredient
ç‚¼ä¹³	ingredient
æ¸æèœ	ingredient
ç½—æ±‰ç¬‹	ingredient
èƒ¡èåœä¸	ingredient
ç‰›è‚¾	ingredient
é¸­æŒ	ingredient
è¥¿ç“œçš®	ingredient
çŸ³æ–›	ingredient
è™¾é…±	ingredient
ä½ç­‹é¢ç²‰	ingredient
èŸ¹ç±»	ingredient
ç“œå­ä»	ingredient
çƒ¤è‚ 	ingredient
è¶è±†èŠ±	ingredient
æ¨±æ¡ƒèåœ	ingredient
å§œæ±	ingredient
çº¢æ£å¹²	ingredient
å¹²é±¿é±¼	ingredient
æ‰‹æ“€é¢	ingredient
å…”è…¿	ingredient
å—ç“œèŠ±	ingredient
çº¢æ¤’	ingredient
é»‘é±¼	ingredient
äº”å‘³å­	ingredient
ç™½èŠ	ingredient
é»„é…’	ingredient
ä¹³ç±»	ingredient
è½¯å£³èŸ¹	ingredient
èŸ¹å­	ingredient
å¢¨é±¼è›‹	ingredient
å¸¦çš®äº”èŠ±è‚‰	ingredient
ç¾Šè¡€	ingredient
è’œè“‰é…±	ingredient
ç±³ç²‰	ingredient
ç”Ÿç²‰	ingredient
é’ˆé±¼	ingredient
æ—¥æœ¬å—ç“œ	ingredient
ç¾Šå°¾	ingredient
é¸¡ç¿…ä¸­	ingredient
æµ·å…”	ingredient
é»‘æ©„æ¦„	ingredient
ç§¯é›ªè‰	ingredient
æ°´èŠ¹èœ	ingredient
ç³–æµ†	ingredient
ç‰›è¹„	ingredient
æ–‡è›¤	ingredient
åƒå¼ 	ingredient
ç«ç‘°èŒ„	ingredient
èŠ±ç”Ÿé…±	ingredient
ç‰›è‚‰é…±	ingredient
å¤§è–¯	ingredient
é¹…è‚ 	ingredient
é»„æ²¹	ingredient
è·å¶	ingredient
éƒ«å¿è±†ç“£é…±	ingredient
å¹²å·´èŒ	ingredient
é¦™é†‹	ingredient
è‹œè“¿	ingredient
ç©¿å¿ƒè²	ingredient
é’èåœ	ingredient
è’œè‹—	ingredient
æ©„æ¦„	ingredient
çº¢é…’	ingredient
ç±³é¥­	ingredient
å°éº¦	ingredient
å…¨è„‚å¥¶ç²‰	ingredient
è‹‹èœ	ingredient
å…ƒè˜‘	ingredient
è‚¥ç‰›	ingredient
ä»”é¸¡	ingredient
è½¦å˜å­	ingredient
è½¦å‰è‰	ingredient
è‡ªå‘ç²‰	ingredient
è¥¿ç•ªè²	ingredient
ç™½æ´‹è‘±	ingredient
é©¬å…°å¤´	ingredient
å±±ç	ingredient
é¸¡æ²¹	ingredient
é¹…ç¿…	ingredient
é¸­è›‹	ingredient
å—è±†è…	ingredient
è‘¡è„	ingredient
èéº¦	ingredient
ç†ŸèŠéº»	ingredient
æ²¹	ingredient
ç‰›é«“	ingredient
é¸¡æ’	ingredient
è€é¸­	ingredient
é²­é±¼	ingredient
ç´«è‹	ingredient
ä¸é¦™	ingredient
é¸­æ²¹	ingredient
é²œé…±æ²¹	ingredient
æµ·æ°´é±¼	ingredient
é‡Œè„Šè‚‰	ingredient
åŸºå›´è™¾	ingredient
åŒ—æè™¾	ingredient
èŸ¹è‚‰	ingredient
é»„èŠª	ingredient
ç´«è—¤èŠ±	ingredient
å°éº¦èƒšèŠ½	ingredient
å…¨è›‹æ¶²	ingredient
è‚‰ä¸¸	ingredient
çº¢å°–æ¤’	ingredient
é»„æ¤’	ingredient
è›‹æ¶²	ingredient
ç‰›éœ–	ingredient
é¸¡ä¸	ingredient
ä¹³é¸½	ingredient
è èèœœ	ingredient
èŸä¸å­	ingredient
æ¡‚èŠ±	ingredient
å°é»„èŠ±é±¼	ingredient
èœœæ¡”	ingredient
è‚‹æ’	ingredient
èŠ‹å¤´	ingredient
åœ†ç”Ÿèœ	ingredient
ä¹Œéª¨é¸¡	ingredient
åšæœ	ingredient
é…’é…¿	ingredient
è—•ç²‰	ingredient
æ¾„ç²‰	ingredient
æ¤°è“‰	ingredient
ç‰ç±³ç‰‡	ingredient
é»‘æ¸æ	ingredient
é²œç‰›å¥¶	ingredient
è¾£æ¤’é¢	ingredient
å°åœŸè±†	ingredient
è±†æ¸£	ingredient
è²é›¾	ingredient
æ©˜çº¢	ingredient
æ¡‘å¯„ç”Ÿ	ingredient
åŒ—æµ·é“èŸ¹	ingredient
æŸ æª¬è‰	ingredient
çº¢è‘±å¤´	ingredient
é»„èŠ±èœ	ingredient
é²·é±¼	ingredient
é»‘åŠ ä»‘å­	ingredient
éº¦èŠ½ç³–	ingredient
ç“œèœç±»	ingredient
èœ—ç‰›	ingredient
é‡Œè„Š	ingredient
å±±å…«ç	ingredient
äº”æŒ‡æ¯›æ¡ƒ	ingredient
é¢ç²‰	ingredient
å…¶å®ƒè‚‰ç±»	ingredient
çŒªå¤´è‚‰	ingredient
ç”°é¸¡è…¿	ingredient
éŸ­èœèŠ±	ingredient
è…ä¹³	ingredient
å‰çƒ§é…±	ingredient
é»‘å·§å…‹åŠ›	ingredient
å››æ£±è±†	ingredient
æ³°æ¤’	ingredient
é¸¡ç²¾	ingredient
æ²¹æ¡	ingredient
å¸ƒæœ—	ingredient
æ‹‰é¢	ingredient
ç™½èŠ±èœ	ingredient
çŸ³è€³	ingredient
é¦™è‡	ingredient
é±¼å¹²	ingredient
é¸½å­è›‹	ingredient
èŠ’æœ	ingredient
æŸ´é±¼	ingredient
çŒªéª¨	ingredient
é»„ç“œä¸	ingredient
èŠ¥å…°	ingredient
èœ‚è›¹	ingredient
é¹Œé¹‘è›‹	ingredient
è±†è…å·	ingredient
æ¤°æ±	ingredient
ç™½é²³é±¼	ingredient
é’æœ¨ç“œ	ingredient
éŸ­è‹”	ingredient
ç´«è–¯	ingredient
åœŸè±†å—	ingredient
æ¢…èŠ±é¹¿è‚‰	ingredient
ç´«èœ	ingredient
æ³¡æ‰“ç²‰	ingredient
èŠ±æ¤’æ²¹	ingredient
æ™®æ´±èŒ¶	ingredient
é²œæœç±»	ingredient
å»çš®ç»¿è±†	ingredient
é»ç‰ç±³	ingredient
èŒ‰è‰èŠ±	ingredient
é²œèŒ	ingredient
æ¨±èŠ±	ingredient
æ¨æ¢…	ingredient
æ¡ƒèƒ¶	ingredient
ç”ŸæŠ½	ingredient
ä¹Œé±¼å­	ingredient
æ°´èåœ	ingredient
å…«ç	ingredient
æ¯é¸¡	ingredient
æ	ingredient
å¹²æœç±»	ingredient
å¹²è™¾	ingredient
è€å—ç“œ	ingredient
è±è§’	ingredient
å†¬ç¬‹	ingredient
çŒªèˆŒå¤´	ingredient
é’è±†	ingredient
æ‡æ·èŠ±	ingredient
çº¢æ›²ç²‰	ingredient
èµ¤è´	ingredient
å°é»„ç“œ	ingredient
è‘±æ®µ	ingredient
æŠ¹èŒ¶ç²‰	ingredient
è„±è„‚å¥¶ç²‰	ingredient
é›ªç³•	ingredient
çŒ•çŒ´æ¡ƒ	ingredient
æœé¹ƒèŠ±	ingredient
è¾£æ ¹	ingredient
å¹²è¾£æ¤’	ingredient
æ¤°å­æ²¹	ingredient
é¢ç‰‡	ingredient
è²è“‰	ingredient
çº¢è–¯ç²‰	ingredient
è„†çš®è‚ 	ingredient
å…¨è›‹	ingredient
æ²¹è±†è§’	ingredient
è±†ç­‹	ingredient
å±±è¯	ingredient
çº¢èŒè‡	ingredient
é»‘èŠéº»	ingredient
å†·é¢	ingredient
è¾£æ¤’	ingredient
é²¤é±¼	ingredient
å¹²é»„èŠ±èœ	ingredient
é»„å†°ç³–	ingredient
è‹¹æœæ¢¨	ingredient
è±†è…æŸ´	ingredient
èŒ¼è’¿	ingredient
èŠéº»èœ	ingredient
é¦™æ¤¿	ingredient
é»„ç§‹è‘µ	ingredient
é©¬è‚‰	ingredient
æ²¹è±†è…	ingredient
ç‰›è½§ç³–	ingredient
æ²¹èœèŠ±	ingredient
ç¾Šè‚ 	ingredient
èŠéº»	ingredient
ç« é±¼è„š	ingredient
è…”éª¨	ingredient
ç´«è–¯æ³¥	ingredient
è’œç“£	ingredient
è±†ç“£èœ	ingredient
çŸ³æ–‘é±¼	ingredient
é±¼ç¿…	ingredient
æå­	ingredient
è’¸é±¼è±‰æ²¹	ingredient
é’è‹¹æœ	ingredient
æŠ«è¨è‰	ingredient
å§œä¸	ingredient
é«˜æ±¤	ingredient
æ¦¨èœ	ingredient
è èœ	ingredient
ç“ ç“œ	ingredient
è˜‘è‡	ingredient
ç¾Šè…¿	ingredient
èš•è›¹	ingredient
é»„é³	ingredient
è¥¿ç“œ	ingredient
é¦™è•‰	ingredient
é»„è²	ingredient
è¡€	ingredient
ç¾Šè…¿è‚‰	ingredient
æœä»²	ingredient
å¤æ±	ingredient
å¯å¯	ingredient
èŠèŠ±	ingredient
å…«å®	ingredient
ç¾Šè…°å­	ingredient
é¸½å­	ingredient
é²®é±¼	ingredient
æ²™ä¸é±¼	ingredient
é¹…è›‹	ingredient
ç™¾é¦™æœ	ingredient
ç³¯ç±³	ingredient
é•¿è±†è§’	ingredient
ç³–ç²‰	ingredient
é›ªè²èŒ	ingredient
ç‰›ä¸Šè„‘	ingredient
ç¾Šæ‚	ingredient
é»„é¢¡é±¼	ingredient
é²ˆé±¼	ingredient
æ²³è±š	ingredient
è±†æµ†	ingredient
è’²å…¬è‹±å¶	ingredient
é»‘èƒ¡æ¤’	ingredient
æ²™æ‹‰é…±	ingredient
è±‰æ¤’	ingredient
é¸¡å¤§è…¿	ingredient
æ³•é¦™	ingredient
å¡”èœ	ingredient
æœ‰æœºèœèŠ±	ingredient
èŠ±ç”Ÿç¢	ingredient
ç‰›å¤–è„Š	ingredient
ç”˜è”—	ingredient
æ°´æ·€ç²‰	ingredient
äº”èŠ±è‚‰é¦…	ingredient
èŸ¹æ£’	ingredient
é‡è‘±	ingredient
èŠ¥è“	ingredient
è‹¦ç“œ	ingredient
é¸¡æ²¹èŒ	ingredient
ç™½è˜‘è‡	ingredient
é²³é±¼	ingredient
é¸­æ¢¨	ingredient
çº¢è±†é¦…	ingredient
å¥‡äºšç±½	ingredient
å±±èœ	ingredient
æŸ¿å­æ¤’	ingredient
æ¾è˜‘	ingredient
çç ç²‰åœ†	ingredient
èŒ¶æ²¹	ingredient
æŠ«è¨é…±	ingredient
è„†éª¨	ingredient
å¹²ç¬‹	ingredient
è’²èœ	ingredient
è’œé»„	ingredient
ç‰›è…±å­	ingredient
ç§‹åˆ€é±¼	ingredient
ç•ªèŒ„é…±	ingredient
å‰è…¿è‚‰	ingredient
ç”Ÿèœå¶	ingredient
ç™¾åˆå¹²	ingredient
å¹²èŠ±æ¤’	ingredient
èŠ¥èœ	ingredient
æµ·èœ‡çš®	ingredient
è™¾è™	ingredient
é’èŠ’æœ	ingredient
çº¢è–¯å¶	ingredient
è—•å¸¦	ingredient
èŒ„å­	ingredient
é‡å±±èŒ	ingredient
çŒªè‚‰	ingredient
çº¢è¡«é±¼	ingredient
é¸¡è›‹è±†è…	ingredient
è€å¹²å¦ˆ	ingredient
é»„è±†ç²‰	ingredient
æœå®ç±»	ingredient
è¡€ç³¯ç±³	ingredient
é‡‘æªé±¼ç½å¤´	ingredient
å¡˜é²º	ingredient
çŒªç»è‚‰	ingredient
æ— ç›é»„æ²¹	ingredient
æœ¨è€³èœ	ingredient
é¦™è‰	ingredient
é±¼å—	ingredient
çŸ³æ¦´	ingredient
æ¿æ —	ingredient
åä¸‰é¦™	ingredient
é£è‚‰	ingredient
ç™½èœæ¢—	ingredient
çŒ´å¤´è‡	ingredient
æ¡‚çš®	ingredient
è€æŠ½é…±æ²¹	ingredient
ç‡•éº¦ç‰‡	ingredient
è‚‰æ¡‚ç²‰	ingredient
æ ¸æ¡ƒç¢	ingredient
å­æ’	ingredient
ç‰›è‚èŒ	ingredient
æµ·å…«ç	ingredient
é²œè‚‰	ingredient
è£™å¸¦èœ	ingredient
å´èŒ±è¸	ingredient
é­”èŠ‹ç²‰	ingredient
é©¬è‹é‡Œæ‹‰èŠå£«	ingredient
è´ç¬‹	ingredient
ç‰›äº”èŠ±è‚‰	ingredient
è—œéº¦	ingredient
æ°´èœœæ¡ƒ	ingredient
é«˜ç²±é¢	ingredient
è„†ç¬‹	ingredient
é¦„é¥¨çš®	ingredient
æ´‹è‘±	ingredient
ä¸‰é»„é¸¡	ingredient
é»„é±¼	ingredient
ç™¾åˆèŠ±	ingredient
ç†Ÿç™½èŠéº»	ingredient
çº¿æ¤’	ingredient
é»‘èƒ¡æ¤’ç²‰	ingredient
è¡€è‚ 	ingredient
è±†æ²¹	ingredient
å¸ƒä¸ç²‰	ingredient
å‰çƒ§è‚‰	ingredient
å‰å£«ç²‰	ingredient
çŒªé‡Œè„Šè‚‰	ingredient
ç‰›é­	ingredient
æ³¥é³…	ingredient
ç¾å›½å¤§æä»	ingredient
å¿ƒé‡Œç¾	ingredient
ç´«èœå¤´	ingredient
å°è¾£æ¤’	ingredient
è…Šå…«è±†	ingredient
æ‚æœ	ingredient
è±†ç“£é…±	ingredient
èéº¦é¢	ingredient
è£™è¾¹	ingredient
æ¡ƒä»	ingredient
å’–å–±ç²‰	ingredient
ç«é”…åº•æ–™	ingredient
é¸¡ä¸	ingredient
å¯¹è™¾	ingredient
ç™½è±†è”»	ingredient
æ¶ˆåŒ–é¥¼å¹²	ingredient
ç«¹ç¬™	ingredient
é¦™æ¤¿è‹—	ingredient
å¹³è‡	ingredient
çŒªå¤§è‚ 	ingredient
è…Šè‚‰	ingredient
æ €å­	ingredient
èš¬å­è‚‰	ingredient
æ²¹é…¥	ingredient
åœ†èŒ„å­	ingredient
ç‰›å°¾	ingredient
èŠ±èƒ¶	ingredient
è¦†ç›†å­	ingredient
ç‰›æ²¹	ingredient
èŠ’æœè‚‰	ingredient
é¥ºå­çš®	ingredient
ç´«ç”˜è“	ingredient
ç¾Šè‚¾	ingredient
æµ·å‚	ingredient
è±†æ²™é¦…	ingredient
çº¢æ	ingredient
ç»¢è±†è…	ingredient
é¦™èŠ¹	ingredient
è¥¿å…°èŠ±	ingredient
é±¼æ‚	ingredient
ç”°é¸¡	ingredient
é¸¡å†…é‡‘	ingredient
çç 	ingredient
ç‰›è‡³	ingredient
åœ°è¡£	ingredient
æ²¹æ³¼è¾£å­	ingredient
é¸¡æŸ³	ingredient
æ‰‡è´	ingredient
ä¹Œæ ‘å¶	ingredient
èƒ–å¤§æµ·	ingredient
è›‹é»„é…±	ingredient
è”—ç³–	ingredient
ç„¦ç³–	ingredient
å—ç¾è™¾	ingredient
å‰çƒ§	ingredient
è èœ	ingredient
ç¾Šè‚º	ingredient
é¸­èˆŒ	ingredient
æ£	ingredient
åˆºæ¢¨	ingredient
è‡ªåˆ¶é…¸å¥¶	ingredient
é²œå¥¶æ²¹	ingredient
ç«¥å­é¸¡	ingredient
é¸­èƒ—	ingredient
å’¸è‚‰	ingredient
é¹Œé¹‘	ingredient
é³—é±¼	ingredient
ç‰›å¥¶	ingredient
ç»¿è±†ç²‰ä¸	ingredient
çŒªåè…¿è‚‰	ingredient
å¸¦é±¼	ingredient
æµ·èœ‡å¤´	ingredient
è›‹ç³•	ingredient
é»„è±†	ingredient
å†°ç³–	ingredient
èŠ±é›•é…’	ingredient
è‚‰èŸ¹	ingredient
å‰è¾£æ¤’	ingredient
é­”èŠ‹	ingredient
çŒªè‚˜	ingredient
å±±æ¥‚å¶	ingredient
å¤§é»„	ingredient
å«©èŒã€å¶ã€èŠ±èœç±»	ingredient
åè…¿è‚‰	ingredient
èŒ¶å¶	ingredient
è±†è…è„‘	ingredient
åŠ¨ç‰©æ€§æ·¡å¥¶æ²¹	ingredient
çº¢èåœ	ingredient
é¸­è‚	ingredient
æ¡ƒ	ingredient
è±†è”»	ingredient
é±¿é±¼å¤´	ingredient
ç ´å¸ƒå­	ingredient
è±†è‹—	ingredient
ç”œèœæ ¹	ingredient
é¦™èŒ…	ingredient
çŒªå°è‚ 	ingredient
ä¸‰æ–‡é±¼	ingredient
è”“è¶Šè“	ingredient
è‰å¯‡	ingredient
æŒ‚é¢	ingredient
ç³–æ¡‚èŠ±	ingredient
èœå¿ƒ	ingredient
é’è¾£æ¤’	ingredient
æ·¡å¥¶	ingredient
çš®çš®è™¾	ingredient
é’å£	ingredient
å¹²ä¸	ingredient
èŠ±ç”Ÿæ²¹	ingredient
è¡€æ©™	ingredient
ç”Ÿå§œç‰‡	ingredient
çŒªè¡€	ingredient
ç‰›è„‘	ingredient
è‹¹æœ	ingredient
çº¢æ¯›ä¸¹	ingredient
äººå‚	ingredient
ç‰å…°èŠ±	ingredient
é»‘èƒ¡æ¤’é…±	ingredient
æ…•æ–¯	ingredient
ä¸­ç­‹é¢ç²‰	ingredient
ç”œè±†	ingredient
é¦™è‰ç²‰	ingredient
æŸ¿å­	ingredient
ç³™ç±³	ingredient
é«˜ç­‹é¢ç²‰	ingredient
é®¸é±¼	ingredient
å±±æ¥‚å¹²	ingredient
é¸­å­	ingredient
é’çº¢æ¤’	ingredient
ç‰¡è›	ingredient
æ¢¨	ingredient
è•¨æ ¹ç²‰	ingredient
èºè›³	ingredient
é¾™éª¨	ingredient
é²é±¼è‡	ingredient
è…Šå…«è’œ	ingredient
é»„å¿ƒåœŸè±†	ingredient
é²œè‡	ingredient
é©¬é¢é±¼	ingredient
ç™½å‚	ingredient
å†¬è™«å¤è‰	ingredient
è¾£æ¤’æ²¹	ingredient
æ£‰èŠ±ç³–	ingredient
é¢å›¢	ingredient
ç¬‹å°–	ingredient
é‡‘æ±¤	ingredient
çŒªæ‚	ingredient
ç¾Šå¤´	ingredient
é¸¡è„†éª¨	ingredient
é•œé²¤	ingredient
æœ¨ç“œ	ingredient
è‰è“	ingredient
é…¸æ£ä»	ingredient
å’–å–±	ingredient
èŠ±ç”Ÿç±³	ingredient
æ´‹ç”˜èŠ	ingredient
ç‰›è…©	ingredient
ç¾Šèå­	ingredient
è…ç«¹	ingredient
æ ¸æ¡ƒä»	ingredient
ç²½å¶	ingredient
çŸ³èŠ±èœ	ingredient
æ°´å‘æœ¨è€³	ingredient
å¹²é¦™è‡	ingredient
çŒªå¤§éª¨	ingredient
çŒªå¤¹å¿ƒè‚‰	ingredient
ç™½ç‰è‡	ingredient
èœœè±†	ingredient
å’¸è›‹é»„	ingredient
æ¤’ç›ç²‰	ingredient
æ·¡å¥¶æ²¹	ingredient
ç¾Šè…©	ingredient
ç«è…¿è‚ 	ingredient
æµ·èº	ingredient
èŠéº»æ²¹	ingredient
é¥ºå­ç²‰	ingredient
é²¢é±¼	ingredient
æ˜å¤ªé±¼	ingredient
é±¼è…©	ingredient
è‰æœ	ingredient
ç”ŸæŠ½é…±æ²¹	ingredient
ä¹Œé¾™èŒ¶	ingredient
ä¸‰å¶é¦™	ingredient
é£Ÿç”¨æ²¹	ingredient
ç¬‹ç“œ	ingredient
é“¶è€³	ingredient
ç‰›æ’	ingredient
æå­	ingredient
å¼€å¿ƒæœ	ingredient
å¤ªå­å‚	ingredient
è€å§œ	ingredient
æµ·é²œé…±	ingredient
èœé¢	ingredient
ç™½é±¼	ingredient
ç™½èŠéº»	ingredient
è±†èŠ½	ingredient
é›ªèœ	ingredient
å°é»„é±¼	ingredient
è‘¡è„ç±½æ²¹	ingredient
å¤§çº¢è¢	ingredient
å‰åˆ©ä¸ç‰‡	ingredient
å‰åˆ©ä¸ç²‰	ingredient
èºè‚‰	ingredient
é¸¡æ‚	ingredient
é²Ÿé±¼	ingredient
æ³°å›½é¦™ç±³	ingredient
é™ˆé†‹	ingredient
çŒªèˆŒ	ingredient
çŒªå°æ’	ingredient
ç™½æœ¯	ingredient
ç´«è‹å¶	ingredient
å¨å£«å¿Œ	ingredient
æ–¹ä¾¿é£Ÿå“ç±»	ingredient
èŠ½èœ	ingredient
èŒ­ç™½	ingredient
ç‰ç±³ç³	ingredient
ç˜¦è‚‰	ingredient
æ¿è“æ ¹	ingredient
ç”˜è‰	ingredient
é¸¡éª¨è‰	ingredient
é»„èº	ingredient
å’–å–±å—	ingredient
è•¨èœ	ingredient
å½©æ¤’	ingredient
ç‰›éª¨	ingredient
æµ·é²œé…±æ²¹	ingredient
ç³¯ç±³ç²‰	ingredient
è±†æ²™	ingredient
åœŸé¸¡	ingredient
å†…é…¯	ingredient
ç´«åœ†èŒ„	ingredient
è¯é£ŸåŠå…¶å®ƒ	ingredient
èŠ¹èœå¶	ingredient
å¿ƒé‡Œç¾èåœ	ingredient
æ¢­å­èŸ¹	ingredient
è±Œè±†	ingredient
xoé…±	ingredient
è›‹ç™½	ingredient
ä¸‰æ–‡é±¼å¤´	ingredient
å°è™¾	ingredient
é¸¡ç²‰	ingredient
ç´«é•¿èŒ„	ingredient
å°çº¢æ¤’	ingredient
æ³¡èœ	ingredient
ç”²é±¼	ingredient
å±±æ ¸æ¡ƒï¼ˆå¹²ï¼‰	ingredient
é˜²é£	ingredient
èºæ—‹è—»	ingredient
é²œé¦™è‡	ingredient
è‹¦èŠ	ingredient
ç‰›å¿ƒèœ	ingredient
é±¼å˜´	ingredient
é…¸æ£	ingredient
è‰è“é…±	ingredient
å®½ç²‰	ingredient
ç½—å‹’	ingredient
æ§ç±³	ingredient
èƒ¡èåœ	ingredient
è— å¤´	ingredient
ç‰›æ‚	ingredient
é¸­é”éª¨	ingredient
ç”Ÿèš	ingredient
å±±ç«¹	ingredient
ç‰¡ä¸¹èŠ±	ingredient
å¤§é…±	ingredient
ç²‰æ¡	ingredient
æ©™æ±	ingredient
å¥¶é…ª	ingredient
é¦™æ±	ingredient
è™¾æ½º	ingredient
çš‚è§’ç±³	ingredient
ç¾Šçœ¼	ingredient
è›‹æ¸…	ingredient
çŒªè‚º	ingredient
çŒªè„‘	ingredient
é¸­è¡€	ingredient
ç¾Šå¥¶	ingredient
è‘¡è„æŸš	ingredient
é±¼é³”	ingredient
å¢¨è¥¿å“¥è¾£æ¤’	ingredient
æµ“æ±¤å®	ingredient
é±¼è±†è…	ingredient
ç»µç™½ç³–	ingredient
ä¹Œæ±Ÿé±¼	ingredient
é’æ¢…	ingredient
æ°´èŠ¹	ingredient
è„†å±±è¯	ingredient
è”æµ¦èŠ‹	ingredient
çº¢èŒ¶åŒ…	ingredient
ç‰›è…±å­è‚‰	ingredient
é©´è‚‰	ingredient
å‘³å•‰	ingredient
æœå¤©æ¤’	ingredient
å’–å•¡è±†	ingredient
æ’éª¨	ingredient
é¸¡èƒŒ	ingredient
é±¼è‚ 	ingredient
è±†è…çš®	ingredient
èŠ™è“‰èŠ±	ingredient
ç™½å…°åœ°	ingredient
é±¼ç‰‡	ingredient
ç™½æ‰è±†	ingredient
æ³¡æ¤’	ingredient
ç‰›è‚‰	ingredient
ç‰›å°æ’	ingredient
é±¼çš®	ingredient
ç‰ç±³é¡»	ingredient
å¯¿å¸ç±³	ingredient
é•¿ç³¯ç±³	ingredient
è™¾å¹²	ingredient
çŒªè‚‰ç‰‡	ingredient
ç´«æ´‹è‘±	ingredient
é’å¤´èŒ	ingredient
å¯å¯ç²‰	ingredient
ç›	ingredient
çŒªè€³æœµ	ingredient
é¸¡ç¿…å°–	ingredient
ç‰›æ²¹æœ	ingredient
åœ°éª¨çš®	ingredient
å²©ç±³	ingredient
é¸¡æ±	ingredient
ç¾äººæ¤’	ingredient
è€æŠ½	ingredient
æ©„æ¦„èœ	ingredient
ç‰›èˆŒ	ingredient
é¹§é¸ª	ingredient
é®°é±¼	ingredient
é»„ç±³	ingredient
è‹¦èéº¦ç²‰	ingredient
ç›®é±¼èŠ±	ingredient
è´ç¬‹å¶	ingredient
æ‰å°–	ingredient
è’œè“‰	ingredient
çŒªè‚š	ingredient
ç« é±¼	ingredient
å‡‰ç²‰	ingredient
çº¢æ£	ingredient
çº¢èŠ¸è±†	ingredient
çº¢èœè‹”	ingredient
é¸­å¤´	ingredient
èŠ±èº	ingredient
æŸ æª¬	ingredient
æ ¸æ¡ƒ	ingredient
ç«éº»ä»	ingredient
æµ·ç™½è™¾	ingredient
å¥¶ç™½èœ	ingredient
æ­æ¤’	ingredient
æµ·å¸¦ç»“	ingredient
ç™½é†‹	ingredient
ç‰›è‚‹éª¨	ingredient
é¸¡ç¿…	ingredient
é¸¡ç¿…æ ¹	ingredient
èŸ¹é»„	ingredient
åœ£å¥³æœ	ingredient
å±±æ¥‚	ingredient
æœ—å§†é…’	ingredient
ç‰ç±³é¢	ingredient
å¤ç‰›è‚‰	ingredient
å—ç“œè—¤	ingredient
é¸¡è›‹é»„	ingredient
ç¾Šè„‘	ingredient
æµ·èœ‡	ingredient
èŸ æ¡ƒ	ingredient
æ²™æ£˜	ingredient
å§œ	ingredient
èƒ¡æ¤’	ingredient
ç«é”…é¢	ingredient
éº¦ä»	ingredient
æ³¡èåœ	ingredient
æµ·ç›	ingredient
é¸­è‚ 	ingredient
è‰é±¼	ingredient
é²¥é±¼	ingredient
è™¾ç±³	ingredient
è‹”èœ	ingredient
æ‡æ·	ingredient
æŸšå­	ingredient
å¤©éº»	ingredient
ç™½ç³–	ingredient
å°ç±³	ingredient
é¾Ÿè‹“è†	ingredient
ç‰›è‚‰ç‰‡	ingredient
æ•´é¸¡	ingredient
é…¸å¥¶æ²¹	ingredient
åŒ…èœ	ingredient
è‹¤è“	ingredient
é…¸èœ	ingredient
æ©™çš®	ingredient
å°èŠ‹å¤´	ingredient
æ—©é¤ç±»	scene
æ—©åˆé¤	scene
æ™šé¤	scene
æ—©èŒ¶	scene
å¤œå®µ	scene
åˆé¤	scene
æ—©ç‚¹	scene
ä¸‹åˆèŒ¶	scene
é”…çƒ§	cook_method
å¹²ç‚–	cook_method
è¾£é—·	cook_method
æ²¹å¤	cook_method
å·çˆ†	cook_method
ç´«ç ‚ç…²	cook_method
å¤çƒ¤	cook_method
è‚‰ç›–	cook_method
çƒ˜çƒ¤	cook_method
å¥¶å†»	cook_method
å·é¦™æ°´ç…®	cook_method
çƒ§æ±	cook_method
ç”Ÿè’¸	cook_method
ç´ æ‹Œ	cook_method
é²œç…²	cook_method
é™ˆé…¿	cook_method
ç³–æ¸	cook_method
ç›ç…	cook_method
é…±æ³¼	cook_method
æœæ	cook_method
é²œç…	cook_method
ç´ ç…®	cook_method
ç±³é…¿	cook_method
æ²¹é…¥	cook_method
è˜¸æ°´	cook_method
ç¿…åŒ…	cook_method
å¤ä¸²	cook_method
ç…ç„™	cook_method
æ±çƒ§	cook_method
è¾£çƒ¤	cook_method
çº¯ç¢³çƒ¤	cook_method
ç…çƒ¤	cook_method
ç‚çˆ†	cook_method
é²œçƒ¤	cook_method
é¦™ç„—	cook_method
ç†å¤	cook_method
è‚šç…²	cook_method
ç›ç‚’	cook_method
é…±æ‹Œ	cook_method
ç°çƒ§	cook_method
é¦™çƒ§	cook_method
é²œç£¨	cook_method
è›‹ç…	cook_method
çƒ¤ç„—	cook_method
ç°ç„—	cook_method
çˆ†æ¦¨	cook_method
ç«çƒ§	cook_method
é…’é…¿	cook_method
BBQæ¿çƒ§	cook_method
ç²¾å¤	cook_method
å¤ç…®	cook_method
ç›ç‚¸	cook_method
é…±è…Œ	cook_method
ç‚­çƒ¤	cook_method
å†°é…¿	cook_method
é±¼æ³¡	cook_method
äº‘å	cook_method
ç”œçƒ§	cook_method
å¹³é”…	cook_method
ç´ å¤	cook_method
é³ç³Š	cook_method
åœŸé”…	cook_method
ç±³çƒ§	cook_method
ææ±	cook_method
ç›æ¸	cook_method
æ‰‹å‰¥	cook_method
æ²™ç…²	cook_method
ç°æ¦¨	cook_method
ç”Ÿç£¨	cook_method
ç‚¸é…±	cook_method
ç…ç„–	cook_method
åŠçƒ¤	cook_method
é¦™é”…	cook_method
ç³•çƒ§	cook_method
è›‹ç‚’	cook_method
ç²¾é…¿	cook_method
é¦™è’¸	cook_method
å¤ç‚’	cook_method
å‘çƒ¤	cook_method
è›‹çƒ§	cook_method
è‚‰å¤¹	cook_method
è¯è†³	cook_method
é¥¼å·	cook_method
å‹é”…	cook_method
å†°çƒ§	cook_method
è‚‰å¤	cook_method
å¹²è’¸	cook_method
å¥¥å°”è‰¯æ¿çƒ§	cook_method
é¸¡ç…²	cook_method
æ±½é”…	cook_method
é’çƒ§	cook_method
å†·å†»	cook_method
ç‚’çƒ¤	cook_method
é²œçƒ«	cook_method
æœé…¿	cook_method
é¸¡è‚‰é…±é¦™	cook_method
ç²‰è’¸	cook_method
è‚‰æ²¬	cook_method
é¦•åŒ…	cook_method
é¦™çˆ†	cook_method
çƒ§å¤	cook_method
ç”Ÿçƒ§	cook_method
ç†ç…®	cook_method
çŸ³çƒ¤	cook_method
ç„—çƒ¤	cook_method
ç°ç‚¹ç°çƒ¤	cook_method
é²œçƒ§	cook_method
çˆ†è…Œ	cook_method
æš´ç‚’	cook_method
æ··é…±	cook_method
å†·æ¦¨	cook_method
ç´ æµ‡	cook_method
é›ªçƒ§	cook_method
ç²¾ç‚–	cook_method
çƒ­æ	cook_method
éº»è¾£æ‹Œ	cook_method
ç¢³çƒ§	cook_method
é¥¼å¤¹	cook_method
æ²¹ç…	cook_method
çŸ³ç£¨	cook_method
è’œæ‹	cook_method
èµ·é…¥	cook_method
èŠ«çˆ†	cook_method
å¥¶é…¥	cook_method
ç ‚é”…	cook_method
èœœçƒ¤	cook_method
ç¢³é”…	cook_method
å®«çˆ†	cook_method
æ–‹è’¸	cook_method
ç„–ç‚’	cook_method
ç”Ÿç…²	cook_method
ç›ç…®	cook_method
å¹²çƒ¹	cook_method
ç‰›ç‚’	cook_method
ç„¦çƒ¤	cook_method
é¦™ç„™	cook_method
è‘±çˆ†	cook_method
åŸ¹æ ¹æ¿çƒ§	cook_method
ğŸŒŸçƒ¤	cook_method
é…±è’¸	cook_method
é…±å¤	cook_method
è’¸å¤	cook_method
çº¢æ‰’	cook_method
æœç†	cook_method
ç‚•é”…	cook_method
æ²™é”…	cook_method
è±†åˆ¶	cook_method
èœœå†»	cook_method
è›‹é…¥	cook_method
é…±ç‚–	cook_method
ç´ æ†	cook_method
ç‚¸ä¸²	cook_method
æ²¹ç³Š	cook_method
çƒ§è’¸	cook_method
æ²¹æ¦¨	cook_method
ç›æ°´	cook_method
ç…çƒ§	cook_method
å¤§è‘±é¦…	cook_method
ç„™çƒ¤	cook_method
éº»è¾£çƒ«	cook_method
ç«çƒ¤	cook_method
é…±ç†	cook_method
æ¶®çƒ¤	cook_method
çŒ›ç«ç‚’	cook_method
é¦™æ‹Œ	cook_method
å¹²çƒ§	cook_method
ä¸¼çƒ§	cook_method
çƒ¤å¤	cook_method
æ¸…ç‚’	cook_method
é”…å¡Œ	cook_method
é”¡çƒ¤	cook_method
é»„ç„–	cook_method
é²œæ	cook_method
é…±çƒ§	cook_method
æ²¹çƒ™	cook_method
ç„–ç‚–	cook_method
é…±çˆ†	cook_method
å¤çƒ§	cook_method
æ¾æ¿	cook_method
ç…ç‚’	cook_method
æ¹¿ç‚’	cook_method
ç«¹ç‚­	cook_method
ç”Ÿè…Œ	cook_method
ç”Ÿç‚	cook_method
ä¹±ç‚–	cook_method
æ»‘ç‚’	cook_method
æµ¸æ±	cook_method
è¾£çƒ§	cook_method
é²œç„–	cook_method
åŠçƒ§	cook_method
å¹²ç‚’	cook_method
çˆ†æ‹§	cook_method
è‡ªçƒ¤	cook_method
è’¸çƒ¤	cook_method
ç”µçƒ¤	cook_method
åœŸçƒ§	cook_method
ç´ çƒ§	cook_method
ç°ç†¬	cook_method
è½¯ç‚¸	cook_method
çˆ†çƒ¤	cook_method
é¸­ç†	cook_method
è’¸é¦	cook_method
é…±ç„—	cook_method
ç„°çƒ§	cook_method
ç‚™çƒ¤	cook_method
å¤é¦™	cook_method
å°ç¬¼åŒ…	cook_method
ç›å¤	cook_method
ç”Ÿç…	cook_method
çƒ«æ	cook_method
æ²¹æ³¼	cook_method
è¾£å¤	cook_method
å¹²æºœ	cook_method
çˆ†çƒ§	cook_method
ç„–é”…	cook_method
è¾£ç‚’	cook_method
æ³¡å¤	cook_method
ç‚­é”…	cook_method
è˜¸é…±	cook_method
ç…ç„—	cook_method
ç§˜å¤	cook_method
é¥¸çƒ™	cook_method
é²œç‚’	cook_method
é¦™ç…¸	cook_method
æ´»çƒ¤	cook_method
è¾£æ‹Œ	cook_method
å¹²é”…	cook_method
åŒ…çƒ§	cook_method
é…¥ç„–	cook_method
è½¯ç…	cook_method
ç‚é”…	cook_method
è‘±çƒ§	cook_method
é¢ç‚•	cook_method
å†»æ‹§	cook_method
æ¸…è’¸	cook_method
é²œå¤	cook_method
é…¥çƒ¤	cook_method
çˆ†ç‚’	cook_method
é…±ç‚’	cook_method
æ²¹ç‚	cook_method
é’ç‚’	cook_method
å…³ä¸œç…®	cook_method
å°å¹²é”…	cook_method
é”…è´´	cook_method
å¹²è…Œ	cook_method
çƒ§çº¢	cook_method
çˆ†æ¡¨	cook_method
è’¸ç…®	cook_method
çƒŸç†	cook_method
ç´ çƒ©	cook_method
ç…§çƒ§	cook_method
é…¸ç‚’	cook_method
ç”Ÿæ·¹	cook_method
çƒ«çš®	cook_method
é”…çƒ™	cook_method
æ²¹ç„—	cook_method
é’è’¸	cook_method
ä¸²çƒ§	cook_method
æ¸©æ‹Œ	cook_method
é²œè’¸	cook_method
é…±ç‚¸	cook_method
é¦™çƒ¤	cook_method
èœœåˆ¶	cook_method
ç„–çƒ¤	cook_method
çˆ†å¤	cook_method
æ±¤å¤	cook_method
èŒ¶å†»	cook_method
å¹²çˆ†	cook_method
ç„—çƒ§	cook_method
ç”Ÿæ±†	cook_method
æ¸…çƒ¤	cook_method
çƒ˜ç…	cook_method
ç³–é…¥	cook_method
æ‚æ‹Œ	cook_method
çº¢çƒ©	cook_method
å«©ç‚’	cook_method
é†‹ç„–	cook_method
ç´ è’¸	cook_method
è¾£ç‚–	cook_method
çŸ¶çƒ§	cook_method
é…±æ	cook_method
è‚‰çƒ§	cook_method
æ–°é²œç°çƒ¤	cook_method
ç”Ÿç„–	cook_method
å°ç‚’	cook_method
é…±é…¥	cook_method
é†‡é…¿	cook_method
æœ¨ç‚­	cook_method
æŸ´çƒ¤	cook_method
åŒæµ‡	cook_method
ç†æ‹Œ	cook_method
ç“¦ç…²	cook_method
çƒ­å¤	cook_method
ç”Ÿç„—	cook_method
ç‚çƒ§	cook_method
æ±½æ³¡	cook_method
å¤é²œ	cook_method
é¦•ç‚’	cook_method
ç³Ÿå¤	cook_method
å°é”…	cook_method
ç°é…¿	cook_method
é²œç‚™çƒ¤	cook_method
ç”Ÿç¼	cook_method
ç‚æ‹Œ	cook_method
é”…åŒ…	cook_method
é’æ‹Œ	cook_method
çŸ³çƒ§	cook_method
ç³Šæ±¤	cook_method
çƒ§ç„—	cook_method
å½“æ—¥æ–°é²œç°çƒ¤	cook_method
é”¡çº¸çƒ§	cook_method
åœŸè±†çƒ§	cook_method
å’¸çƒ§	cook_method
ç„–æ±	cook_method
?çƒ¤	cook_method
æ±—è’¸	cook_method
ç‚¸çƒ¹	cook_method
ç« é±¼çƒ§	cook_method
ç±³ç†	cook_method
é²œé”…	cook_method
ç›é…¥	cook_method
å‡‰ä¸²	cook_method
æ°´ç…®	cook_method
çƒ™é”…	cook_method
æ¿çƒ§	cook_method
å¤ç†	cook_method
çƒ­ç‚’	cook_method
ç”Ÿçˆ†	cook_method
ç°çƒ™	cook_method
æµ†çˆ†	cook_method
ç†Ÿçƒ¤	cook_method
ç ‚ç…²	cook_method
ç”Ÿç‚Š	cook_method
ç´ é¦…	cook_method
å¤ç´ 	cook_method
å¹²æ	cook_method
ç‚¸çƒ¤	cook_method
ç‚‰çƒ¤	cook_method
é…±æ³¡	cook_method
ç¢³çƒ¤	cook_method
çˆ†é…±	cook_method
ç›ç„—	cook_method
èŠ±é…¿	cook_method
ç”Ÿçƒ«	cook_method
æ—±è’¸	cook_method
æ¶®é”…	cook_method
å¤æ‹Œ	cook_method
ææ‹Œ	cook_method
ç´ çƒ¤	cook_method
ç«¹ç­’	cook_method
ç«ç¸	cook_method
ä¸²çƒ¤	cook_method
çº¢çƒ§	cook_method
é…¥ç‚¸	cook_method
ç°çƒ«	cook_method
é¦™è‡é¦…	cook_method
ç´ ç„–	cook_method
é…±ç…®	cook_method
æ²¹è‚¶	cook_method
å²©çƒ¤	cook_method
æ‹Œçƒ¤	cook_method
é…±æ‰’	cook_method
ç›çˆ†	cook_method
å†·é”…	cook_method
é¦™ç‚’	cook_method
è¾£ç„–	cook_method
çƒ­æ‹Œ	cook_method
æ‚çƒ©	cook_method
å·çƒ§	cook_method
â­çƒ¤	cook_method
é…±çƒ¤	cook_method
çª‘çƒ¤	cook_method
æ²¹çˆ†	cook_method
ç›–æµ‡	cook_method
å¤æ°´	cook_method
ç”Ÿæ¦¨	cook_method
é¦™æ	cook_method
è’œçˆ†	cook_method
å¤é…¿	cook_method
çƒ­ç‚	cook_method
èœœé…¿	cook_method
ç´ ç‚’	cook_method
æ–‹ç‚’	cook_method
ç³–çƒ¤	cook_method
é’µä»”	cook_method
è’²çƒ§	cook_method
ç›çƒ§	cook_method
çƒ˜åŸ¹	cook_method
ç°çƒ¤	cook_method
æ³¥ç„—	cook_method
è¾£ç…®	cook_method
ç„°çƒ¤	cook_method
èµ·çƒ¤	cook_method
å‡‰çš®	cook_method
åŸ¹ç…	cook_method
ç‰›ç„–	cook_method
è±†æ³¡	cook_method
ç”Ÿå•«	cook_method
ç™½ç¼	cook_method
ç‚ç‚’	cook_method
é”…ä»”	cook_method
å²©çƒ§	cook_method
é²œé…¿	cook_method
ç”Ÿå¤	cook_method
æ²¹çƒ«	cook_method
é²œç‚¸	cook_method
ç›–çƒ§	cook_method
æ²¹æ‹Œ	cook_method
ç¸çƒ¤	cook_method
å¹²çƒ¤	cook_method
ç½ç„–	cook_method
ç™½æ–©	cook_method
ğŸ’¥çƒ¤	cook_method
ç”Ÿçƒ¤	cook_method
è‡ªé…¿	cook_method
ç¸çƒ§	cook_method
å·ç…	cook_method
é¦™ç…	cook_method
é²œå†»	cook_method
çŸ³é”…	cook_method
ç”Ÿç‚’	cook_method
çƒ¤ä¸²	cook_method
é¦™ç…²	cook_method
é†‹æºœ	cook_method
æ¸…ç‚–	cook_method
æ²³æ	cook_method
æ±çƒ¤	cook_method
ç„¦çƒ§	cook_method
è‘±çƒ¤	cook_method
å¥¶æ³¡	cook_method
å‰çƒ§	cook_method
é¦™ç‚–	cook_method
ç…é…¿	cook_method
ç”Ÿç…¸	cook_method
ç„–çƒ§	cook_method
é…±æ¿	cook_method
çƒ­çƒ¤	cook_method
é¦™ç†	cook_method
æ²¹ç„–	cook_method
ç›çƒ¤	cook_method
è¾£è’¸	cook_method
çƒ«é”…	cook_method
ç°ç…	cook_method
å¹²ç…	cook_method
ç¢³ç„™	cook_method
ç‰›è‚‰é…±é¦™	cook_method
è±Œç‚¸	cook_method
ç‚¸å¤	cook_method
çº¢ç…¨	cook_method
äº¬çƒ§	cook_method
ç†çƒ¤	cook_method
é…±ç„–	cook_method
ç«ç„—	cook_method
è…Œç†	cook_method
åŒ…æµ†	cook_method
æ‰‹æ“€	cook_method
å†·ä¸²	cook_method
ç‚­çƒ§	cook_method
ç”Ÿæ	cook_method
è›‹åŒ…	cook_method
çº¢ç„–	cook_method
é…¸æ‹Œ	cook_method
æ‚ç‚’	cook_method
æœå†»	cook_method
è’¸é¥º	cook_method
ğŸœè…Œ	cook_method
é¦™ç„–	cook_method
